{"name":"Log","hostname":"7e6850fef784","pid":1,"level":30,"version":"5.130.5","msg":"Ghost is running in development...","time":"2025-11-04T01:37:49.434Z","v":0}
{"name":"Log","hostname":"7e6850fef784","pid":1,"level":30,"version":"5.130.5","msg":"Listening on: 0.0.0.0:2368","time":"2025-11-04T01:37:49.434Z","v":0}
{"name":"Log","hostname":"7e6850fef784","pid":1,"level":30,"version":"5.130.5","msg":"Url configured as: http://localhost:2368/","time":"2025-11-04T01:37:49.435Z","v":0}
{"name":"Log","hostname":"7e6850fef784","pid":1,"level":30,"version":"5.130.5","msg":"Ctrl+C to shut down","time":"2025-11-04T01:37:49.435Z","v":0}
{"name":"Log","hostname":"7e6850fef784","pid":1,"level":30,"version":"5.130.5","msg":"Ghost server started in 0.259s","time":"2025-11-04T01:37:49.435Z","v":0}
{"name":"Log","hostname":"7e6850fef784","pid":1,"level":50,"version":"5.130.5","err":{"id":500,"domain":"http://localhost:2368","code":"ECONNREFUSED","name":"DatabaseError","statusCode":500,"level":"critical","message":"connect ECONNREFUSED 172.18.0.2:3306","help":"\"Unknown database error\"","stack":"Error: connect ECONNREFUSED 172.18.0.2:3306\n    at /var/lib/ghost/versions/5.130.5/node_modules/knex-migrator/lib/database.js:57:19\n    at TCPConnectWrap.afterConnect [as oncomplete] (node:net:1611:16)","hideStack":false},"msg":"connect ECONNREFUSED 172.18.0.2:3306","time":"2025-11-04T01:37:49.531Z","v":0}
{"name":"Log","hostname":"7e6850fef784","pid":1,"level":40,"version":"5.130.5","msg":"Ghost is shutting down","time":"2025-11-04T01:37:49.531Z","v":0}
{"name":"Log","hostname":"7e6850fef784","pid":1,"level":40,"version":"5.130.5","msg":"Ghost has shut down","time":"2025-11-04T01:37:49.532Z","v":0}
{"name":"Log","hostname":"7e6850fef784","pid":1,"level":40,"version":"5.130.5","msg":"Ghost was running for a few seconds","time":"2025-11-04T01:37:49.533Z","v":0}
{"name":"Log","hostname":"7e6850fef784","pid":1,"level":30,"version":"5.130.5","msg":"Ghost is running in development...","time":"2025-11-04T01:37:50.174Z","v":0}
{"name":"Log","hostname":"7e6850fef784","pid":1,"level":30,"version":"5.130.5","msg":"Listening on: 0.0.0.0:2368","time":"2025-11-04T01:37:50.175Z","v":0}
{"name":"Log","hostname":"7e6850fef784","pid":1,"level":30,"version":"5.130.5","msg":"Url configured as: http://localhost:2368/","time":"2025-11-04T01:37:50.175Z","v":0}
{"name":"Log","hostname":"7e6850fef784","pid":1,"level":30,"version":"5.130.5","msg":"Ctrl+C to shut down","time":"2025-11-04T01:37:50.175Z","v":0}
{"name":"Log","hostname":"7e6850fef784","pid":1,"level":30,"version":"5.130.5","msg":"Ghost server started in 0.229s","time":"2025-11-04T01:37:50.176Z","v":0}
{"name":"Log","hostname":"7e6850fef784","pid":1,"level":50,"version":"5.130.5","err":{"id":500,"domain":"http://localhost:2368","code":"ECONNREFUSED","name":"DatabaseError","statusCode":500,"level":"critical","message":"connect ECONNREFUSED 172.18.0.2:3306","help":"\"Unknown database error\"","stack":"Error: connect ECONNREFUSED 172.18.0.2:3306\n    at /var/lib/ghost/versions/5.130.5/node_modules/knex-migrator/lib/database.js:57:19\n    at TCPConnectWrap.afterConnect [as oncomplete] (node:net:1611:16)","hideStack":false},"msg":"connect ECONNREFUSED 172.18.0.2:3306","time":"2025-11-04T01:37:50.272Z","v":0}
{"name":"Log","hostname":"7e6850fef784","pid":1,"level":40,"version":"5.130.5","msg":"Ghost is shutting down","time":"2025-11-04T01:37:50.273Z","v":0}
{"name":"Log","hostname":"7e6850fef784","pid":1,"level":40,"version":"5.130.5","msg":"Ghost has shut down","time":"2025-11-04T01:37:50.274Z","v":0}
{"name":"Log","hostname":"7e6850fef784","pid":1,"level":40,"version":"5.130.5","msg":"Ghost was running for a few seconds","time":"2025-11-04T01:37:50.275Z","v":0}
{"name":"Log","hostname":"7e6850fef784","pid":1,"level":30,"version":"5.130.5","msg":"Ghost is running in development...","time":"2025-11-04T01:37:51.012Z","v":0}
{"name":"Log","hostname":"7e6850fef784","pid":1,"level":30,"version":"5.130.5","msg":"Listening on: 0.0.0.0:2368","time":"2025-11-04T01:37:51.013Z","v":0}
{"name":"Log","hostname":"7e6850fef784","pid":1,"level":30,"version":"5.130.5","msg":"Url configured as: http://localhost:2368/","time":"2025-11-04T01:37:51.013Z","v":0}
{"name":"Log","hostname":"7e6850fef784","pid":1,"level":30,"version":"5.130.5","msg":"Ctrl+C to shut down","time":"2025-11-04T01:37:51.014Z","v":0}
{"name":"Log","hostname":"7e6850fef784","pid":1,"level":30,"version":"5.130.5","msg":"Ghost server started in 0.208s","time":"2025-11-04T01:37:51.014Z","v":0}
{"name":"Log","hostname":"7e6850fef784","pid":1,"level":50,"version":"5.130.5","err":{"id":500,"domain":"http://localhost:2368","code":"ECONNREFUSED","name":"DatabaseError","statusCode":500,"level":"critical","message":"connect ECONNREFUSED 172.18.0.2:3306","help":"\"Unknown database error\"","stack":"Error: connect ECONNREFUSED 172.18.0.2:3306\n    at /var/lib/ghost/versions/5.130.5/node_modules/knex-migrator/lib/database.js:57:19\n    at TCPConnectWrap.afterConnect [as oncomplete] (node:net:1611:16)","hideStack":false},"msg":"connect ECONNREFUSED 172.18.0.2:3306","time":"2025-11-04T01:37:51.094Z","v":0}
{"name":"Log","hostname":"7e6850fef784","pid":1,"level":40,"version":"5.130.5","msg":"Ghost is shutting down","time":"2025-11-04T01:37:51.095Z","v":0}
{"name":"Log","hostname":"7e6850fef784","pid":1,"level":40,"version":"5.130.5","msg":"Ghost has shut down","time":"2025-11-04T01:37:51.096Z","v":0}
{"name":"Log","hostname":"7e6850fef784","pid":1,"level":40,"version":"5.130.5","msg":"Ghost was running for a few seconds","time":"2025-11-04T01:37:51.096Z","v":0}
{"name":"Log","hostname":"7e6850fef784","pid":1,"level":30,"version":"5.130.5","msg":"Ghost is running in development...","time":"2025-11-04T01:37:52.038Z","v":0}
{"name":"Log","hostname":"7e6850fef784","pid":1,"level":30,"version":"5.130.5","msg":"Listening on: 0.0.0.0:2368","time":"2025-11-04T01:37:52.039Z","v":0}
{"name":"Log","hostname":"7e6850fef784","pid":1,"level":30,"version":"5.130.5","msg":"Url configured as: http://localhost:2368/","time":"2025-11-04T01:37:52.039Z","v":0}
{"name":"Log","hostname":"7e6850fef784","pid":1,"level":30,"version":"5.130.5","msg":"Ctrl+C to shut down","time":"2025-11-04T01:37:52.040Z","v":0}
{"name":"Log","hostname":"7e6850fef784","pid":1,"level":30,"version":"5.130.5","msg":"Ghost server started in 0.202s","time":"2025-11-04T01:37:52.040Z","v":0}
{"name":"Log","hostname":"7e6850fef784","pid":1,"level":50,"version":"5.130.5","err":{"id":500,"domain":"http://localhost:2368","code":"ECONNREFUSED","name":"DatabaseError","statusCode":500,"level":"critical","message":"connect ECONNREFUSED 172.18.0.2:3306","help":"\"Unknown database error\"","stack":"Error: connect ECONNREFUSED 172.18.0.2:3306\n    at /var/lib/ghost/versions/5.130.5/node_modules/knex-migrator/lib/database.js:57:19\n    at TCPConnectWrap.afterConnect [as oncomplete] (node:net:1611:16)","hideStack":false},"msg":"connect ECONNREFUSED 172.18.0.2:3306","time":"2025-11-04T01:37:52.119Z","v":0}
{"name":"Log","hostname":"7e6850fef784","pid":1,"level":40,"version":"5.130.5","msg":"Ghost is shutting down","time":"2025-11-04T01:37:52.119Z","v":0}
{"name":"Log","hostname":"7e6850fef784","pid":1,"level":40,"version":"5.130.5","msg":"Ghost has shut down","time":"2025-11-04T01:37:52.120Z","v":0}
{"name":"Log","hostname":"7e6850fef784","pid":1,"level":40,"version":"5.130.5","msg":"Ghost was running for a few seconds","time":"2025-11-04T01:37:52.121Z","v":0}
{"name":"Log","hostname":"7e6850fef784","pid":1,"level":30,"version":"5.130.5","msg":"Ghost is running in development...","time":"2025-11-04T01:37:53.466Z","v":0}
{"name":"Log","hostname":"7e6850fef784","pid":1,"level":30,"version":"5.130.5","msg":"Listening on: 0.0.0.0:2368","time":"2025-11-04T01:37:53.467Z","v":0}
{"name":"Log","hostname":"7e6850fef784","pid":1,"level":30,"version":"5.130.5","msg":"Url configured as: http://localhost:2368/","time":"2025-11-04T01:37:53.467Z","v":0}
{"name":"Log","hostname":"7e6850fef784","pid":1,"level":30,"version":"5.130.5","msg":"Ctrl+C to shut down","time":"2025-11-04T01:37:53.468Z","v":0}
{"name":"Log","hostname":"7e6850fef784","pid":1,"level":30,"version":"5.130.5","msg":"Ghost server started in 0.237s","time":"2025-11-04T01:37:53.468Z","v":0}
{"name":"Log","hostname":"7e6850fef784","pid":1,"level":50,"version":"5.130.5","err":{"id":500,"domain":"http://localhost:2368","code":"ECONNREFUSED","name":"DatabaseError","statusCode":500,"level":"critical","message":"connect ECONNREFUSED 172.18.0.2:3306","help":"\"Unknown database error\"","stack":"Error: connect ECONNREFUSED 172.18.0.2:3306\n    at /var/lib/ghost/versions/5.130.5/node_modules/knex-migrator/lib/database.js:57:19\n    at TCPConnectWrap.afterConnect [as oncomplete] (node:net:1611:16)","hideStack":false},"msg":"connect ECONNREFUSED 172.18.0.2:3306","time":"2025-11-04T01:37:53.562Z","v":0}
{"name":"Log","hostname":"7e6850fef784","pid":1,"level":40,"version":"5.130.5","msg":"Ghost is shutting down","time":"2025-11-04T01:37:53.562Z","v":0}
{"name":"Log","hostname":"7e6850fef784","pid":1,"level":40,"version":"5.130.5","msg":"Ghost has shut down","time":"2025-11-04T01:37:53.563Z","v":0}
{"name":"Log","hostname":"7e6850fef784","pid":1,"level":40,"version":"5.130.5","msg":"Ghost was running for a few seconds","time":"2025-11-04T01:37:53.564Z","v":0}
{"name":"Log","hostname":"7e6850fef784","pid":1,"level":30,"version":"5.130.5","msg":"Ghost is running in development...","time":"2025-11-04T01:37:55.722Z","v":0}
{"name":"Log","hostname":"7e6850fef784","pid":1,"level":30,"version":"5.130.5","msg":"Listening on: 0.0.0.0:2368","time":"2025-11-04T01:37:55.723Z","v":0}
{"name":"Log","hostname":"7e6850fef784","pid":1,"level":30,"version":"5.130.5","msg":"Url configured as: http://localhost:2368/","time":"2025-11-04T01:37:55.723Z","v":0}
{"name":"Log","hostname":"7e6850fef784","pid":1,"level":30,"version":"5.130.5","msg":"Ctrl+C to shut down","time":"2025-11-04T01:37:55.724Z","v":0}
{"name":"Log","hostname":"7e6850fef784","pid":1,"level":30,"version":"5.130.5","msg":"Ghost server started in 0.205s","time":"2025-11-04T01:37:55.724Z","v":0}
{"name":"Log","hostname":"7e6850fef784","pid":1,"level":40,"version":"5.130.5","msg":"Database state requires initialisation.","time":"2025-11-04T01:37:55.890Z","v":0}
{"name":"Log","hostname":"7e6850fef784","pid":1,"level":30,"version":"5.130.5","msg":"Creating table: newsletters","time":"2025-11-04T01:37:56.046Z","v":0}
{"name":"Log","hostname":"7e6850fef784","pid":1,"level":30,"version":"5.130.5","msg":"Creating table: posts","time":"2025-11-04T01:37:56.088Z","v":0}
{"name":"Log","hostname":"7e6850fef784","pid":1,"level":30,"version":"5.130.5","msg":"Creating table: posts_meta","time":"2025-11-04T01:37:56.170Z","v":0}
{"name":"Log","hostname":"7e6850fef784","pid":1,"level":30,"version":"5.130.5","msg":"Creating table: users","time":"2025-11-04T01:37:56.208Z","v":0}
{"name":"Log","hostname":"7e6850fef784","pid":1,"level":30,"version":"5.130.5","msg":"Creating table: posts_authors","time":"2025-11-04T01:37:56.238Z","v":0}
{"name":"Log","hostname":"7e6850fef784","pid":1,"level":30,"version":"5.130.5","msg":"Creating table: roles","time":"2025-11-04T01:37:56.293Z","v":0}
{"name":"Log","hostname":"7e6850fef784","pid":1,"level":30,"version":"5.130.5","msg":"Creating table: roles_users","time":"2025-11-04T01:37:56.310Z","v":0}
{"name":"Log","hostname":"7e6850fef784","pid":1,"level":30,"version":"5.130.5","msg":"Creating table: permissions","time":"2025-11-04T01:37:56.320Z","v":0}
{"name":"Log","hostname":"7e6850fef784","pid":1,"level":30,"version":"5.130.5","msg":"Creating table: permissions_users","time":"2025-11-04T01:37:56.341Z","v":0}
{"name":"Log","hostname":"7e6850fef784","pid":1,"level":30,"version":"5.130.5","msg":"Creating table: permissions_roles","time":"2025-11-04T01:37:56.353Z","v":0}
{"name":"Log","hostname":"7e6850fef784","pid":1,"level":30,"version":"5.130.5","msg":"Creating table: settings","time":"2025-11-04T01:37:56.365Z","v":0}
{"name":"Log","hostname":"7e6850fef784","pid":1,"level":30,"version":"5.130.5","msg":"Creating table: tags","time":"2025-11-04T01:37:56.384Z","v":0}
{"name":"Log","hostname":"7e6850fef784","pid":1,"level":30,"version":"5.130.5","msg":"Creating table: posts_tags","time":"2025-11-04T01:37:56.403Z","v":0}
{"name":"Log","hostname":"7e6850fef784","pid":1,"level":30,"version":"5.130.5","msg":"Creating table: invites","time":"2025-11-04T01:37:56.468Z","v":0}
{"name":"Log","hostname":"7e6850fef784","pid":1,"level":30,"version":"5.130.5","msg":"Creating table: brute","time":"2025-11-04T01:37:56.490Z","v":0}
{"name":"Log","hostname":"7e6850fef784","pid":1,"level":30,"version":"5.130.5","msg":"Creating table: sessions","time":"2025-11-04T01:37:56.500Z","v":0}
{"name":"Log","hostname":"7e6850fef784","pid":1,"level":30,"version":"5.130.5","msg":"Creating table: integrations","time":"2025-11-04T01:37:56.520Z","v":0}
{"name":"Log","hostname":"7e6850fef784","pid":1,"level":30,"version":"5.130.5","msg":"Creating table: webhooks","time":"2025-11-04T01:37:56.543Z","v":0}
{"name":"Log","hostname":"7e6850fef784","pid":1,"level":30,"version":"5.130.5","msg":"Creating table: api_keys","time":"2025-11-04T01:37:56.581Z","v":0}
{"name":"Log","hostname":"7e6850fef784","pid":1,"level":30,"version":"5.130.5","msg":"Creating table: mobiledoc_revisions","time":"2025-11-04T01:37:56.603Z","v":0}
{"name":"Log","hostname":"7e6850fef784","pid":1,"level":30,"version":"5.130.5","msg":"Creating table: post_revisions","time":"2025-11-04T01:37:56.623Z","v":0}
{"name":"Log","hostname":"7e6850fef784","pid":1,"level":30,"version":"5.130.5","msg":"Creating table: members","time":"2025-11-04T01:37:56.668Z","v":0}
{"name":"Log","hostname":"7e6850fef784","pid":1,"level":30,"version":"5.130.5","msg":"Creating table: products","time":"2025-11-04T01:37:56.713Z","v":0}
{"name":"Log","hostname":"7e6850fef784","pid":1,"level":30,"version":"5.130.5","msg":"Creating table: offers","time":"2025-11-04T01:37:56.729Z","v":0}
{"name":"Log","hostname":"7e6850fef784","pid":1,"level":30,"version":"5.130.5","msg":"Creating table: benefits","time":"2025-11-04T01:37:56.788Z","v":0}
{"name":"Log","hostname":"7e6850fef784","pid":1,"level":30,"version":"5.130.5","msg":"Creating table: products_benefits","time":"2025-11-04T01:37:56.806Z","v":0}
{"name":"Log","hostname":"7e6850fef784","pid":1,"level":30,"version":"5.130.5","msg":"Creating table: members_products","time":"2025-11-04T01:37:56.889Z","v":0}
{"name":"Log","hostname":"7e6850fef784","pid":1,"level":30,"version":"5.130.5","msg":"Creating table: posts_products","time":"2025-11-04T01:37:56.971Z","v":0}
{"name":"Log","hostname":"7e6850fef784","pid":1,"level":30,"version":"5.130.5","msg":"Creating table: members_created_events","time":"2025-11-04T01:37:57.050Z","v":0}
{"name":"Log","hostname":"7e6850fef784","pid":1,"level":30,"version":"5.130.5","msg":"Creating table: members_cancel_events","time":"2025-11-04T01:37:57.106Z","v":0}
{"name":"Log","hostname":"7e6850fef784","pid":1,"level":30,"version":"5.130.5","msg":"Creating table: members_payment_events","time":"2025-11-04T01:37:57.141Z","v":0}
{"name":"Log","hostname":"7e6850fef784","pid":1,"level":30,"version":"5.130.5","msg":"Creating table: members_login_events","time":"2025-11-04T01:37:57.178Z","v":0}
{"name":"Log","hostname":"7e6850fef784","pid":1,"level":30,"version":"5.130.5","msg":"Creating table: members_email_change_events","time":"2025-11-04T01:37:57.219Z","v":0}
{"name":"Log","hostname":"7e6850fef784","pid":1,"level":30,"version":"5.130.5","msg":"Creating table: members_status_events","time":"2025-11-04T01:37:57.262Z","v":0}
{"name":"Log","hostname":"7e6850fef784","pid":1,"level":30,"version":"5.130.5","msg":"Creating table: members_product_events","time":"2025-11-04T01:37:57.297Z","v":0}
{"name":"Log","hostname":"7e6850fef784","pid":1,"level":30,"version":"5.130.5","msg":"Creating table: members_paid_subscription_events","time":"2025-11-04T01:37:57.366Z","v":0}
{"name":"Log","hostname":"7e6850fef784","pid":1,"level":30,"version":"5.130.5","msg":"Creating table: labels","time":"2025-11-04T01:37:57.407Z","v":0}
{"name":"Log","hostname":"7e6850fef784","pid":1,"level":30,"version":"5.130.5","msg":"Creating table: members_labels","time":"2025-11-04T01:37:57.429Z","v":0}
{"name":"Log","hostname":"7e6850fef784","pid":1,"level":30,"version":"5.130.5","msg":"Creating table: members_stripe_customers","time":"2025-11-04T01:37:57.494Z","v":0}
{"name":"Log","hostname":"7e6850fef784","pid":1,"level":30,"version":"5.130.5","msg":"Creating table: subscriptions","time":"2025-11-04T01:37:57.539Z","v":0}
{"name":"Log","hostname":"7e6850fef784","pid":1,"level":30,"version":"5.130.5","msg":"Creating table: members_stripe_customers_subscriptions","time":"2025-11-04T01:37:57.640Z","v":0}
{"name":"Log","hostname":"7e6850fef784","pid":1,"level":30,"version":"5.130.5","msg":"Creating table: members_subscription_created_events","time":"2025-11-04T01:37:57.759Z","v":0}
{"name":"Log","hostname":"7e6850fef784","pid":1,"level":30,"version":"5.130.5","msg":"Creating table: offer_redemptions","time":"2025-11-04T01:37:57.825Z","v":0}
{"name":"Log","hostname":"7e6850fef784","pid":1,"level":30,"version":"5.130.5","msg":"Creating table: members_subscribe_events","time":"2025-11-04T01:37:57.927Z","v":0}
{"name":"Log","hostname":"7e6850fef784","pid":1,"level":30,"version":"5.130.5","msg":"Creating table: donation_payment_events","time":"2025-11-04T01:37:57.997Z","v":0}
{"name":"Log","hostname":"7e6850fef784","pid":1,"level":30,"version":"5.130.5","msg":"Creating table: stripe_products","time":"2025-11-04T01:37:58.033Z","v":0}
{"name":"Log","hostname":"7e6850fef784","pid":1,"level":30,"version":"5.130.5","msg":"Creating table: stripe_prices","time":"2025-11-04T01:37:58.080Z","v":0}
{"name":"Log","hostname":"7e6850fef784","pid":1,"level":30,"version":"5.130.5","msg":"Creating table: actions","time":"2025-11-04T01:37:58.129Z","v":0}
{"name":"Log","hostname":"7e6850fef784","pid":1,"level":30,"version":"5.130.5","msg":"Creating table: emails","time":"2025-11-04T01:37:58.138Z","v":0}
{"name":"Log","hostname":"7e6850fef784","pid":1,"level":30,"version":"5.130.5","msg":"Creating table: email_batches","time":"2025-11-04T01:37:58.196Z","v":0}
{"name":"Log","hostname":"7e6850fef784","pid":1,"level":30,"version":"5.130.5","msg":"Creating table: email_recipients","time":"2025-11-04T01:37:58.228Z","v":0}
{"name":"Log","hostname":"7e6850fef784","pid":1,"level":30,"version":"5.130.5","msg":"Creating table: email_recipient_failures","time":"2025-11-04T01:37:58.347Z","v":0}
{"name":"Log","hostname":"7e6850fef784","pid":1,"level":30,"version":"5.130.5","msg":"Creating table: tokens","time":"2025-11-04T01:37:58.411Z","v":0}
{"name":"Log","hostname":"7e6850fef784","pid":1,"level":30,"version":"5.130.5","msg":"Creating table: snippets","time":"2025-11-04T01:37:58.438Z","v":0}
{"name":"Log","hostname":"7e6850fef784","pid":1,"level":30,"version":"5.130.5","msg":"Creating table: custom_theme_settings","time":"2025-11-04T01:37:58.462Z","v":0}
{"name":"Log","hostname":"7e6850fef784","pid":1,"level":30,"version":"5.130.5","msg":"Creating table: members_newsletters","time":"2025-11-04T01:37:58.473Z","v":0}
{"name":"Log","hostname":"7e6850fef784","pid":1,"level":30,"version":"5.130.5","msg":"Creating table: comments","time":"2025-11-04T01:37:58.557Z","v":0}
{"name":"Log","hostname":"7e6850fef784","pid":1,"level":30,"version":"5.130.5","msg":"Creating table: comment_likes","time":"2025-11-04T01:37:58.686Z","v":0}
{"name":"Log","hostname":"7e6850fef784","pid":1,"level":30,"version":"5.130.5","msg":"Creating table: comment_reports","time":"2025-11-04T01:37:58.754Z","v":0}
{"name":"Log","hostname":"7e6850fef784","pid":1,"level":30,"version":"5.130.5","msg":"Creating table: jobs","time":"2025-11-04T01:37:58.811Z","v":0}
{"name":"Log","hostname":"7e6850fef784","pid":1,"level":30,"version":"5.130.5","msg":"Creating table: redirects","time":"2025-11-04T01:37:58.833Z","v":0}
{"name":"Log","hostname":"7e6850fef784","pid":1,"level":30,"version":"5.130.5","msg":"Creating table: members_click_events","time":"2025-11-04T01:37:58.876Z","v":0}
{"name":"Log","hostname":"7e6850fef784","pid":1,"level":30,"version":"5.130.5","msg":"Creating table: members_feedback","time":"2025-11-04T01:37:58.948Z","v":0}
{"name":"Log","hostname":"7e6850fef784","pid":1,"level":30,"version":"5.130.5","msg":"Creating table: suppressions","time":"2025-11-04T01:37:59.007Z","v":0}
{"name":"Log","hostname":"7e6850fef784","pid":1,"level":30,"version":"5.130.5","msg":"Creating table: email_spam_complaint_events","time":"2025-11-04T01:37:59.060Z","v":0}
{"name":"Log","hostname":"7e6850fef784","pid":1,"level":30,"version":"5.130.5","msg":"Creating table: mentions","time":"2025-11-04T01:37:59.133Z","v":0}
{"name":"Log","hostname":"7e6850fef784","pid":1,"level":30,"version":"5.130.5","msg":"Creating table: milestones","time":"2025-11-04T01:37:59.143Z","v":0}
{"name":"Log","hostname":"7e6850fef784","pid":1,"level":30,"version":"5.130.5","msg":"Creating table: temp_mail_events","time":"2025-11-04T01:37:59.150Z","v":0}
{"name":"Log","hostname":"7e6850fef784","pid":1,"level":30,"version":"5.130.5","msg":"Creating table: collections","time":"2025-11-04T01:37:59.159Z","v":0}
{"name":"Log","hostname":"7e6850fef784","pid":1,"level":30,"version":"5.130.5","msg":"Creating table: collections_posts","time":"2025-11-04T01:37:59.177Z","v":0}
{"name":"Log","hostname":"7e6850fef784","pid":1,"level":30,"version":"5.130.5","msg":"Creating table: recommendations","time":"2025-11-04T01:37:59.248Z","v":0}
{"name":"Log","hostname":"7e6850fef784","pid":1,"level":30,"version":"5.130.5","msg":"Creating table: recommendation_click_events","time":"2025-11-04T01:37:59.258Z","v":0}
{"name":"Log","hostname":"7e6850fef784","pid":1,"level":30,"version":"5.130.5","msg":"Creating table: recommendation_subscribe_events","time":"2025-11-04T01:37:59.309Z","v":0}
{"name":"Log","hostname":"7e6850fef784","pid":1,"level":30,"version":"5.130.5","msg":"Model: Collection","time":"2025-11-04T01:37:59.682Z","v":0}
{"name":"Log","hostname":"7e6850fef784","pid":1,"level":30,"version":"5.130.5","msg":"Model: Product","time":"2025-11-04T01:37:59.688Z","v":0}
{"name":"Log","hostname":"7e6850fef784","pid":1,"level":30,"version":"5.130.5","msg":"Model: Newsletter","time":"2025-11-04T01:37:59.697Z","v":0}
{"name":"Log","hostname":"7e6850fef784","pid":1,"level":30,"version":"5.130.5","msg":"Model: Tag","time":"2025-11-04T01:37:59.705Z","v":0}
{"name":"Log","hostname":"7e6850fef784","pid":1,"level":30,"version":"5.130.5","msg":"Model: Permission","time":"2025-11-04T01:37:59.710Z","v":0}
{"name":"Log","hostname":"7e6850fef784","pid":1,"level":30,"version":"5.130.5","msg":"Model: Post","time":"2025-11-04T01:38:00.003Z","v":0}
{"name":"Log","hostname":"7e6850fef784","pid":1,"level":30,"version":"5.130.5","msg":"Model: Integration","time":"2025-11-04T01:38:00.233Z","v":0}
{"name":"Log","hostname":"7e6850fef784","pid":1,"level":30,"version":"5.130.5","msg":"Relation: Role to Permission","time":"2025-11-04T01:38:00.310Z","v":0}
{"name":"Log","hostname":"7e6850fef784","pid":1,"level":30,"version":"5.130.5","msg":"Relation: Post to Tag","time":"2025-11-04T01:38:00.665Z","v":0}
{"name":"Log","hostname":"7e6850fef784","pid":1,"level":30,"version":"5.130.5","msg":"Database is in a ready state.","time":"2025-11-04T01:38:00.720Z","v":0}
{"name":"Log","hostname":"7e6850fef784","pid":1,"level":30,"version":"5.130.5","msg":"Ghost database ready in 5.204s","time":"2025-11-04T01:38:00.723Z","v":0}
{"name":"Log","hostname":"7e6850fef784","pid":1,"level":30,"version":"5.130.5","msg":"Configured site_uuid was not found or invalid. Setting site_uuid to a new value: 678d0ce2-5016-4c8a-8d68-452ef7f9fab1","time":"2025-11-04T01:38:00.976Z","v":0}
{"name":"Log","hostname":"7e6850fef784","pid":1,"level":30,"version":"5.130.5","msg":"Invalidating assets for regeneration","time":"2025-11-04T01:38:01.311Z","v":0}
{"name":"Log","hostname":"7e6850fef784","pid":1,"level":30,"version":"5.130.5","msg":"Adding offloaded job to the inline job queue","time":"2025-11-04T01:38:01.520Z","v":0}
{"name":"Log","hostname":"7e6850fef784","pid":1,"level":30,"version":"5.130.5","msg":"Scheduling job mentions-email-report at 24 16 * * * *. Next run on: Tue Nov 04 2025 02:16:24 GMT+0000 (Coordinated Universal Time)","time":"2025-11-04T01:38:01.525Z","v":0}
{"name":"Log","hostname":"7e6850fef784","pid":1,"level":30,"version":"5.130.5","msg":"Adding one-off job to inlineQueue with current length = 0 called 'members-migrations'","time":"2025-11-04T01:38:01.694Z","v":0}
{"name":"Log","hostname":"7e6850fef784","pid":1,"level":30,"version":"5.130.5","msg":"Stripe not configured - skipping migrations","time":"2025-11-04T01:38:01.701Z","v":0}
{"name":"Log","hostname":"7e6850fef784","pid":1,"level":30,"version":"5.130.5","msg":"URL Service ready in 939ms","time":"2025-11-04T01:38:02.033Z","v":0}
{"name":"Log","hostname":"7e6850fef784","pid":1,"level":30,"version":"5.130.5","msg":"Adding offloaded job to the inline job queue","time":"2025-11-04T01:38:02.178Z","v":0}
{"name":"Log","hostname":"7e6850fef784","pid":1,"level":30,"version":"5.130.5","msg":"Scheduling job clean-expired-comped at 51 20 0 * * *. Next run on: Wed Nov 05 2025 00:20:51 GMT+0000 (Coordinated Universal Time)","time":"2025-11-04T01:38:02.181Z","v":0}
{"name":"Log","hostname":"7e6850fef784","pid":1,"level":30,"version":"5.130.5","msg":"Adding offloaded job to the inline job queue","time":"2025-11-04T01:38:02.187Z","v":0}
{"name":"Log","hostname":"7e6850fef784","pid":1,"level":30,"version":"5.130.5","msg":"Scheduling job clean-tokens at 53 36 21 * * *. Next run on: Tue Nov 04 2025 21:36:53 GMT+0000 (Coordinated Universal Time)","time":"2025-11-04T01:38:02.189Z","v":0}
{"name":"Log","hostname":"7e6850fef784","pid":1,"level":30,"version":"5.130.5","msg":"Ghost booted in 6.674s","time":"2025-11-04T01:38:02.194Z","v":0}
{"name":"Log","hostname":"7e6850fef784","pid":1,"level":30,"version":"5.130.5","msg":"Adding offloaded job to the inline job queue","time":"2025-11-04T01:38:02.198Z","v":0}
{"name":"Log","hostname":"7e6850fef784","pid":1,"level":30,"version":"5.130.5","msg":"Scheduling job update-check at 22 13 14 * * *. Next run on: Tue Nov 04 2025 14:13:22 GMT+0000 (Coordinated Universal Time)","time":"2025-11-04T01:38:02.200Z","v":0}
{"name":"Log","hostname":"7e6850fef784","pid":1,"level":30,"version":"5.130.5","msg":"Running milestone emails job on Tue Nov 04 2025 01:38:07 GMT+0000 (Coordinated Universal Time)","time":"2025-11-04T01:38:02.205Z","v":0}
{"name":"Log","hostname":"7e6850fef784","pid":1,"level":30,"version":"5.130.5","req":{"meta":{"requestId":"aa83933d-15d7-4bbe-9e17-b21dd137b9bb","userId":null},"url":"/favicon.ico","method":"GET","originalUrl":"/favicon.ico","params":{},"headers":{"accept":"*/*","user-agent":"Mozilla/5.0 Safari/537.36","host":"localhost:2368","connection":"keep-alive"},"query":{}},"res":{"_headers":{"x-powered-by":"Express","content-type":"image/x-icon","content-length":15406,"etag":"\"a9c6dbdcdc3ae568f4e0dad92149a0e3\"","cache-control":"public, max-age=86400","vary":"Accept-Encoding"},"statusCode":200,"responseTime":"6ms"},"msg":"","time":"2025-11-04T01:38:19.624Z","v":0}
{"name":"Log","hostname":"7e6850fef784","pid":1,"level":30,"version":"5.130.5","req":{"meta":{"requestId":"395741a9-8f4b-4daf-860e-1754953c6622","userId":null},"url":"/","method":"GET","originalUrl":"/","params":{},"headers":{"host":"localhost:2368","user-agent":"curl/8.5.0","accept":"*/*"},"query":{}},"res":{"_headers":{"x-powered-by":"Express","cache-control":"public, max-age=0","content-type":"text/html; charset=utf-8","content-length":"17315","etag":"W/\"43a3-O0Lu3Q+xfc04UjaomBF+exZHuLs\"","vary":"Accept-Encoding"},"statusCode":200,"responseTime":"625ms"},"msg":"","time":"2025-11-04T01:38:19.718Z","v":0}
{"name":"Log","hostname":"7e6850fef784","pid":1,"level":30,"version":"5.130.5","req":{"meta":{"requestId":"ce918379-02db-4768-9cca-9f0273fb5635","userId":null},"url":"/","method":"GET","originalUrl":"/ghost/","params":{"0":"/"},"headers":{"host":"localhost:2368","user-agent":"Mozilla/5.0 (X11; Ubuntu; Linux x86_64; rv:144.0) Gecko/20100101 Firefox/144.0","accept":"text/html,application/xhtml+xml,application/xml;q=0.9,*/*;q=0.8","accept-encoding":"gzip, deflate, br, zstd","dnt":"1","connection":"keep-alive","upgrade-insecure-requests":"1","sec-fetch-dest":"document","sec-fetch-mode":"navigate","sec-fetch-site":"none","sec-fetch-user":"?1","sec-gpc":"1","priority":"u=0, i"},"query":{}},"res":{"_headers":{"x-powered-by":"Express","cache-control":"no-cache, private, no-store, must-revalidate, max-stale=0, post-check=0, pre-check=0","etag":"0246847a4de1b020b82e56aaf795576f","x-frame-options":"sameorigin","accept-ranges":"bytes","last-modified":"Sat, 26 Oct 1985 08:15:00 GMT","content-type":"text/html; charset=UTF-8","vary":"Accept-Encoding","content-encoding":"br"},"statusCode":200,"responseTime":"40ms"},"msg":"","time":"2025-11-04T01:38:39.098Z","v":0}
{"name":"Log","hostname":"7e6850fef784","pid":1,"level":30,"version":"5.130.5","req":{"meta":{"requestId":"4534f737-ed3f-4910-af14-0c676c51243a","userId":null},"url":"/vendor-0ede59da8efb5e28fa929557f7ff7154.css","method":"GET","originalUrl":"/ghost/assets/vendor-0ede59da8efb5e28fa929557f7ff7154.css","params":{},"headers":{"host":"localhost:2368","user-agent":"Mozilla/5.0 (X11; Ubuntu; Linux x86_64; rv:144.0) Gecko/20100101 Firefox/144.0","accept":"text/css,*/*;q=0.1","accept-encoding":"gzip, deflate, br, zstd","dnt":"1","connection":"keep-alive","referer":"http://localhost:2368/ghost/","sec-fetch-dest":"style","sec-fetch-mode":"no-cors","sec-fetch-site":"same-origin","sec-gpc":"1","priority":"u=2"},"query":{}},"res":{"_headers":{"x-powered-by":"Express","accept-ranges":"bytes","cache-control":"public, max-age=0, immutable","last-modified":"Sat, 26 Oct 1985 08:15:00 GMT","etag":"W/\"8b45-7438674ba0\"","content-type":"text/css; charset=UTF-8","vary":"Accept-Encoding","content-encoding":"br"},"statusCode":200,"responseTime":"9ms"},"msg":"","time":"2025-11-04T01:38:39.171Z","v":0}
{"name":"Log","hostname":"7e6850fef784","pid":1,"level":30,"version":"5.130.5","req":{"meta":{"requestId":"184160a4-6137-4e50-be7b-bb7b0d4cff37","userId":null},"url":"/chunk.524.4950f5af0a97db42aa14.js","method":"GET","originalUrl":"/ghost/assets/chunk.524.4950f5af0a97db42aa14.js","params":{},"headers":{"host":"localhost:2368","user-agent":"Mozilla/5.0 (X11; Ubuntu; Linux x86_64; rv:144.0) Gecko/20100101 Firefox/144.0","accept":"*/*","accept-encoding":"gzip, deflate, br, zstd","dnt":"1","connection":"keep-alive","referer":"http://localhost:2368/ghost/","sec-fetch-dest":"script","sec-fetch-mode":"no-cors","sec-fetch-site":"same-origin","sec-gpc":"1"},"query":{}},"res":{"_headers":{"x-powered-by":"Express","accept-ranges":"bytes","cache-control":"public, max-age=0, immutable","last-modified":"Sat, 26 Oct 1985 08:15:00 GMT","etag":"W/\"29ff-7438674ba0\"","content-type":"application/javascript; charset=UTF-8","vary":"Accept-Encoding","content-encoding":"br"},"statusCode":200,"responseTime":"9ms"},"msg":"","time":"2025-11-04T01:38:39.178Z","v":0}
{"name":"Log","hostname":"7e6850fef784","pid":1,"level":30,"version":"5.130.5","req":{"meta":{"requestId":"270ec23d-f7da-4e9b-8352-767e2ce59482","userId":null},"url":"/ghost-e474a058646b6df157de25ea1cd978d5.css","method":"GET","originalUrl":"/ghost/assets/ghost-e474a058646b6df157de25ea1cd978d5.css","params":{},"headers":{"host":"localhost:2368","user-agent":"Mozilla/5.0 (X11; Ubuntu; Linux x86_64; rv:144.0) Gecko/20100101 Firefox/144.0","accept":"text/css,*/*;q=0.1","accept-encoding":"gzip, deflate, br, zstd","dnt":"1","connection":"keep-alive","referer":"http://localhost:2368/ghost/","sec-fetch-dest":"style","sec-fetch-mode":"no-cors","sec-fetch-site":"same-origin","sec-gpc":"1","priority":"u=2"},"query":{}},"res":{"_headers":{"x-powered-by":"Express","accept-ranges":"bytes","cache-control":"public, max-age=0, immutable","last-modified":"Sat, 26 Oct 1985 08:15:00 GMT","etag":"W/\"8c940-7438674ba0\"","content-type":"text/css; charset=UTF-8","vary":"Accept-Encoding","content-encoding":"br"},"statusCode":200,"responseTime":"24ms"},"msg":"","time":"2025-11-04T01:38:39.188Z","v":0}
{"name":"Log","hostname":"7e6850fef784","pid":1,"level":30,"version":"5.130.5","req":{"meta":{"requestId":"7798897f-b1a6-47f2-bb11-8d67396a4353","userId":null},"url":"/ghost-bf886dc6db7f0d5d41ebe6a468fadc90.js","method":"GET","originalUrl":"/ghost/assets/ghost-bf886dc6db7f0d5d41ebe6a468fadc90.js","params":{},"headers":{"host":"localhost:2368","user-agent":"Mozilla/5.0 (X11; Ubuntu; Linux x86_64; rv:144.0) Gecko/20100101 Firefox/144.0","accept":"*/*","accept-encoding":"gzip, deflate, br, zstd","dnt":"1","connection":"keep-alive","referer":"http://localhost:2368/ghost/","sec-fetch-dest":"script","sec-fetch-mode":"no-cors","sec-fetch-site":"same-origin","sec-gpc":"1"},"query":{}},"res":{"_headers":{"x-powered-by":"Express","accept-ranges":"bytes","cache-control":"public, max-age=0, immutable","last-modified":"Sat, 26 Oct 1985 08:15:00 GMT","etag":"W/\"219424-7438674ba0\"","content-type":"application/javascript; charset=UTF-8","vary":"Accept-Encoding","content-encoding":"br"},"statusCode":200,"responseTime":"49ms"},"msg":"","time":"2025-11-04T01:38:39.225Z","v":0}
{"name":"Log","hostname":"7e6850fef784","pid":1,"level":30,"version":"5.130.5","req":{"meta":{"requestId":"5b08542c-aa49-4eb9-9fd8-c002ea0a541d","userId":null},"url":"/videos/logo-loader-d91f93ba1dbf0f52a22815b5a571bd31.mp4","method":"GET","originalUrl":"/ghost/assets/videos/logo-loader-d91f93ba1dbf0f52a22815b5a571bd31.mp4","params":{},"headers":{"host":"localhost:2368","user-agent":"Mozilla/5.0 (X11; Ubuntu; Linux x86_64; rv:144.0) Gecko/20100101 Firefox/144.0","accept":"video/webm,video/ogg,video/*;q=0.9,application/ogg;q=0.7,audio/*;q=0.6,*/*;q=0.5","range":"bytes=0-","dnt":"1","connection":"keep-alive","referer":"http://localhost:2368/ghost/","sec-fetch-dest":"video","sec-fetch-mode":"no-cors","sec-fetch-site":"same-origin","sec-gpc":"1","accept-encoding":"identity","priority":"u=4"},"query":{}},"res":{"_headers":{"x-powered-by":"Express","accept-ranges":"bytes","cache-control":"public, max-age=0, immutable","last-modified":"Sat, 26 Oct 1985 08:15:00 GMT","etag":"W/\"1ff8a-7438674ba0\"","content-type":"video/mp4","content-range":"bytes 0-130953/130954","content-length":130954},"statusCode":206,"responseTime":"6ms"},"msg":"","time":"2025-11-04T01:38:39.237Z","v":0}
{"name":"Log","hostname":"7e6850fef784","pid":1,"level":30,"version":"5.130.5","req":{"meta":{"requestId":"89b5e6bc-e1a7-4253-800a-70111ade15f4","userId":null},"url":"/vendor-aed0068cf9b67d042dd23a6343545b7b.js","method":"GET","originalUrl":"/ghost/assets/vendor-aed0068cf9b67d042dd23a6343545b7b.js","params":{},"headers":{"host":"localhost:2368","user-agent":"Mozilla/5.0 (X11; Ubuntu; Linux x86_64; rv:144.0) Gecko/20100101 Firefox/144.0","accept":"*/*","accept-encoding":"gzip, deflate, br, zstd","dnt":"1","connection":"keep-alive","referer":"http://localhost:2368/ghost/","sec-fetch-dest":"script","sec-fetch-mode":"no-cors","sec-fetch-site":"same-origin","sec-gpc":"1"},"query":{}},"res":{"_headers":{"x-powered-by":"Express","accept-ranges":"bytes","cache-control":"public, max-age=0, immutable","last-modified":"Sat, 26 Oct 1985 08:15:00 GMT","etag":"W/\"19c43d-7438674ba0\"","content-type":"application/javascript; charset=UTF-8","vary":"Accept-Encoding","content-encoding":"br"},"statusCode":200,"responseTime":"82ms"},"msg":"","time":"2025-11-04T01:38:39.246Z","v":0}
{"name":"Log","hostname":"7e6850fef784","pid":1,"level":30,"version":"5.130.5","req":{"meta":{"requestId":"13e6d71c-4690-4218-91ef-b3e7a7480658","userId":null},"url":"/fonts/Inter-roman.var-66c6e40883646a7ad993108b2ce2da32.woff2","method":"GET","originalUrl":"/ghost/assets/fonts/Inter-roman.var-66c6e40883646a7ad993108b2ce2da32.woff2","params":{},"headers":{"host":"localhost:2368","user-agent":"Mozilla/5.0 (X11; Ubuntu; Linux x86_64; rv:144.0) Gecko/20100101 Firefox/144.0","accept":"application/font-woff2;q=1.0,application/font-woff;q=0.9,*/*;q=0.8","accept-encoding":"identity","dnt":"1","connection":"keep-alive","referer":"http://localhost:2368/ghost/assets/ghost-e474a058646b6df157de25ea1cd978d5.css","sec-fetch-dest":"font","sec-fetch-mode":"cors","sec-fetch-site":"same-origin","sec-gpc":"1"},"query":{}},"res":{"_headers":{"x-powered-by":"Express","accept-ranges":"bytes","cache-control":"public, max-age=0, immutable","last-modified":"Sat, 26 Oct 1985 08:15:00 GMT","etag":"W/\"3776c-7438674ba0\"","content-type":"font/woff2","content-length":227180},"statusCode":200,"responseTime":"5ms"},"msg":"","time":"2025-11-04T01:38:39.268Z","v":0}
{"name":"Log","hostname":"7e6850fef784","pid":1,"level":30,"version":"5.130.5","req":{"meta":{"requestId":"3f009d36-cf88-4487-b33f-c48cd7b43ade","userId":null},"url":"/chunk.728.985c45ad584b4b91ca60.js","method":"GET","originalUrl":"/ghost/assets/chunk.728.985c45ad584b4b91ca60.js","params":{},"headers":{"host":"localhost:2368","user-agent":"Mozilla/5.0 (X11; Ubuntu; Linux x86_64; rv:144.0) Gecko/20100101 Firefox/144.0","accept":"*/*","accept-encoding":"gzip, deflate, br, zstd","dnt":"1","connection":"keep-alive","referer":"http://localhost:2368/ghost/","sec-fetch-dest":"script","sec-fetch-mode":"no-cors","sec-fetch-site":"same-origin","sec-gpc":"1"},"query":{}},"res":{"_headers":{"x-powered-by":"Express","accept-ranges":"bytes","cache-control":"public, max-age=0, immutable","last-modified":"Sat, 26 Oct 1985 08:15:00 GMT","etag":"W/\"2b41b8-7438674ba0\"","content-type":"application/javascript; charset=UTF-8","vary":"Accept-Encoding","content-encoding":"br"},"statusCode":200,"responseTime":"110ms"},"msg":"","time":"2025-11-04T01:38:39.276Z","v":0}
{"name":"Log","hostname":"7e6850fef784","pid":1,"level":30,"version":"5.130.5","req":{"meta":{"requestId":"92cad0e3-5f58-46c9-8416-01ebc17555aa","userId":null},"url":"/img/favicon-a9c6dbdcdc3ae568f4e0dad92149a0e3.ico","method":"GET","originalUrl":"/ghost/assets/img/favicon-a9c6dbdcdc3ae568f4e0dad92149a0e3.ico","params":{},"headers":{"host":"localhost:2368","user-agent":"Mozilla/5.0 (X11; Ubuntu; Linux x86_64; rv:144.0) Gecko/20100101 Firefox/144.0","accept":"image/avif,image/webp,image/png,image/svg+xml,image/*;q=0.8,*/*;q=0.5","accept-encoding":"gzip, deflate, br, zstd","dnt":"1","connection":"keep-alive","referer":"http://localhost:2368/ghost/","sec-fetch-dest":"image","sec-fetch-mode":"no-cors","sec-fetch-site":"same-origin","sec-gpc":"1","priority":"u=6"},"query":{}},"res":{"_headers":{"x-powered-by":"Express","accept-ranges":"bytes","cache-control":"public, max-age=0, immutable","last-modified":"Sat, 26 Oct 1985 08:15:00 GMT","etag":"W/\"3c2e-7438674ba0\"","content-type":"image/x-icon","vary":"Accept-Encoding","content-encoding":"br"},"statusCode":200,"responseTime":"4ms"},"msg":"","time":"2025-11-04T01:38:39.457Z","v":0}
{"name":"Log","hostname":"7e6850fef784","pid":1,"level":50,"version":"5.130.5","req":{"meta":{"requestId":"4096f507-6537-4c92-9194-8993a90e09c4","userId":null},"url":"/users/me/?include=roles","method":"GET","originalUrl":"/ghost/api/admin/users/me/?include=roles","params":{},"headers":{"host":"localhost:2368","user-agent":"Mozilla/5.0 (X11; Ubuntu; Linux x86_64; rv:144.0) Gecko/20100101 Firefox/144.0","accept":"application/json, text/javascript, */*; q=0.01","accept-encoding":"gzip, deflate, br, zstd","content-type":"application/json; charset=UTF-8","x-ghost-version":"5.130","app-pragma":"no-cache","x-requested-with":"XMLHttpRequest","dnt":"1","connection":"keep-alive","referer":"http://localhost:2368/ghost/","sec-fetch-dest":"empty","sec-fetch-mode":"cors","sec-fetch-site":"same-origin","sec-gpc":"1"},"query":{"include":"roles"}},"res":{"_headers":{"x-powered-by":"Express","content-version":"v5.130","vary":"Accept-Version, Accept-Encoding","cache-control":"no-cache, private, no-store, must-revalidate, max-stale=0, post-check=0, pre-check=0","content-type":"application/json; charset=utf-8","content-length":"343","etag":"W/\"157-t4/cQ7+V3xBOYEZVdEBhHB0wcWs\""},"statusCode":403,"responseTime":"90ms"},"err":{"id":"fd22a930-b91e-11f0-ac1d-11054c16c24f","domain":"http://localhost:2368","code":null,"name":"NoPermissionError","statusCode":403,"level":"normal","message":"Authorization failed","context":"\"Unable to determine the authenticated user or integration. Check that cookies are being passed through if using session authentication.\"","stack":"NoPermissionError: Authorization failed\n    at authorizeAdminApi (/var/lib/ghost/versions/5.130.5/core/server/services/auth/authorize.js:33:25)\n    at Layer.handle [as handle_request] (/var/lib/ghost/versions/5.130.5/node_modules/express/lib/router/layer.js:95:5)\n    at next (/var/lib/ghost/versions/5.130.5/node_modules/express/lib/router/route.js:149:13)\n    at authenticate (/var/lib/ghost/versions/5.130.5/core/server/services/auth/session/middleware.js:55:13)\n    at process.processTicksAndRejections (node:internal/process/task_queues:95:5)","hideStack":false},"msg":"Authorization failed","time":"2025-11-04T01:38:39.560Z","v":0}
{"name":"Log","hostname":"7e6850fef784","pid":1,"level":50,"version":"5.130.5","req":{"meta":{"requestId":"08b09eb6-1a42-4aac-bf8c-492fc9fbdb81","userId":null},"url":"/users/me/?include=roles","method":"GET","originalUrl":"/ghost/api/admin/users/me/?include=roles","params":{},"headers":{"host":"localhost:2368","user-agent":"Mozilla/5.0 (X11; Ubuntu; Linux x86_64; rv:144.0) Gecko/20100101 Firefox/144.0","accept":"application/json, text/javascript, */*; q=0.01","accept-encoding":"gzip, deflate, br, zstd","content-type":"application/json; charset=UTF-8","x-ghost-version":"5.130","app-pragma":"no-cache","x-requested-with":"XMLHttpRequest","dnt":"1","connection":"keep-alive","referer":"http://localhost:2368/ghost/","sec-fetch-dest":"empty","sec-fetch-mode":"cors","sec-fetch-site":"same-origin","sec-gpc":"1"},"query":{"include":"roles"}},"res":{"_headers":{"x-powered-by":"Express","content-version":"v5.130","vary":"Accept-Version, Accept-Encoding","cache-control":"no-cache, private, no-store, must-revalidate, max-stale=0, post-check=0, pre-check=0","content-type":"application/json; charset=utf-8","content-length":"343","etag":"W/\"157-RHrPeV9XH1bu1IJpun1BY2I0Gns\""},"statusCode":403,"responseTime":"6ms"},"err":{"id":"fd26eef0-b91e-11f0-ac1d-11054c16c24f","domain":"http://localhost:2368","code":null,"name":"NoPermissionError","statusCode":403,"level":"normal","message":"Authorization failed","context":"\"Unable to determine the authenticated user or integration. Check that cookies are being passed through if using session authentication.\"","stack":"NoPermissionError: Authorization failed\n    at authorizeAdminApi (/var/lib/ghost/versions/5.130.5/core/server/services/auth/authorize.js:33:25)\n    at Layer.handle [as handle_request] (/var/lib/ghost/versions/5.130.5/node_modules/express/lib/router/layer.js:95:5)\n    at next (/var/lib/ghost/versions/5.130.5/node_modules/express/lib/router/route.js:149:13)\n    at authenticate (/var/lib/ghost/versions/5.130.5/core/server/services/auth/session/middleware.js:55:13)\n    at process.processTicksAndRejections (node:internal/process/task_queues:95:5)","hideStack":false},"msg":"Authorization failed","time":"2025-11-04T01:38:39.587Z","v":0}
{"name":"Log","hostname":"7e6850fef784","pid":1,"level":30,"version":"5.130.5","req":{"meta":{"requestId":"5e107f88-aebd-434c-a35b-a3855dd7c07d","userId":null},"url":"/site/","method":"GET","originalUrl":"/ghost/api/admin/site/","params":{},"headers":{"host":"localhost:2368","user-agent":"Mozilla/5.0 (X11; Ubuntu; Linux x86_64; rv:144.0) Gecko/20100101 Firefox/144.0","accept":"application/json, text/javascript, */*; q=0.01","accept-encoding":"gzip, deflate, br, zstd","content-type":"application/json; charset=UTF-8","x-ghost-version":"5.130","app-pragma":"no-cache","x-requested-with":"XMLHttpRequest","dnt":"1","connection":"keep-alive","referer":"http://localhost:2368/ghost/","sec-fetch-dest":"empty","sec-fetch-mode":"cors","sec-fetch-site":"same-origin","sec-gpc":"1"},"query":{}},"res":{"_headers":{"x-powered-by":"Express","content-version":"v5.130","vary":"Accept-Version, Accept-Encoding","cache-control":"no-cache, private, no-store, must-revalidate, max-stale=0, post-check=0, pre-check=0","content-type":"application/json; charset=utf-8","content-length":"339","etag":"W/\"153-oogZd+43HVPiP9Q85c0FAZ01ZiY\""},"statusCode":200,"responseTime":"3ms"},"msg":"","time":"2025-11-04T01:38:39.597Z","v":0}
{"name":"Log","hostname":"7e6850fef784","pid":1,"level":30,"version":"5.130.5","req":{"meta":{"requestId":"3ce73fdd-6283-4c04-930a-d13ad3869893","userId":null},"url":"/authentication/setup/","method":"GET","originalUrl":"/ghost/api/admin/authentication/setup/","params":{},"headers":{"host":"localhost:2368","user-agent":"Mozilla/5.0 (X11; Ubuntu; Linux x86_64; rv:144.0) Gecko/20100101 Firefox/144.0","accept":"application/json, text/javascript, */*; q=0.01","accept-encoding":"gzip, deflate, br, zstd","content-type":"application/json; charset=UTF-8","x-ghost-version":"5.130","app-pragma":"no-cache","x-requested-with":"XMLHttpRequest","dnt":"1","connection":"keep-alive","referer":"http://localhost:2368/ghost/","sec-fetch-dest":"empty","sec-fetch-mode":"cors","sec-fetch-site":"same-origin","sec-gpc":"1"},"query":{}},"res":{"_headers":{"x-powered-by":"Express","content-version":"v5.130","vary":"Accept-Version, Accept-Encoding","cache-control":"no-cache, private, no-store, must-revalidate, max-stale=0, post-check=0, pre-check=0","content-type":"application/json; charset=utf-8","content-length":"28","etag":"W/\"1c-sQKS0vX9z/0iYRVKKjytkkIupoI\""},"statusCode":200,"responseTime":"7ms"},"msg":"","time":"2025-11-04T01:38:39.616Z","v":0}
{"name":"Log","hostname":"7e6850fef784","pid":1,"level":30,"version":"5.130.5","req":{"meta":{"requestId":"6aa32716-eca6-4e72-a674-c2e39b86fb3e","userId":null},"url":"/authentication/setup/","method":"GET","originalUrl":"/ghost/api/admin/authentication/setup/","params":{},"headers":{"host":"localhost:2368","user-agent":"Mozilla/5.0 (X11; Ubuntu; Linux x86_64; rv:144.0) Gecko/20100101 Firefox/144.0","accept":"application/json, text/javascript, */*; q=0.01","accept-encoding":"gzip, deflate, br, zstd","content-type":"application/json; charset=UTF-8","x-ghost-version":"5.130","app-pragma":"no-cache","x-requested-with":"XMLHttpRequest","dnt":"1","connection":"keep-alive","referer":"http://localhost:2368/ghost/","sec-fetch-dest":"empty","sec-fetch-mode":"cors","sec-fetch-site":"same-origin","sec-gpc":"1"},"query":{}},"res":{"_headers":{"x-powered-by":"Express","content-version":"v5.130","vary":"Accept-Version, Accept-Encoding","cache-control":"no-cache, private, no-store, must-revalidate, max-stale=0, post-check=0, pre-check=0","content-type":"application/json; charset=utf-8","content-length":"28","etag":"W/\"1c-sQKS0vX9z/0iYRVKKjytkkIupoI\""},"statusCode":200,"responseTime":"5ms"},"msg":"","time":"2025-11-04T01:38:39.631Z","v":0}
{"name":"Log","hostname":"7e6850fef784","pid":1,"level":30,"version":"5.130.5","req":{"meta":{"requestId":"77c8bbc0-1a7b-41f8-ae88-17afdb531324","userId":null},"url":"/img/logos/orb-black-1-32b72766be2164fdea6ab2565fb1c137.png","method":"GET","originalUrl":"/ghost/assets/img/logos/orb-black-1-32b72766be2164fdea6ab2565fb1c137.png","params":{},"headers":{"host":"localhost:2368","user-agent":"Mozilla/5.0 (X11; Ubuntu; Linux x86_64; rv:144.0) Gecko/20100101 Firefox/144.0","accept":"image/avif,image/webp,image/png,image/svg+xml,image/*;q=0.8,*/*;q=0.5","accept-encoding":"gzip, deflate, br, zstd","dnt":"1","connection":"keep-alive","referer":"http://localhost:2368/ghost/","sec-fetch-dest":"image","sec-fetch-mode":"no-cors","sec-fetch-site":"same-origin","sec-gpc":"1","priority":"u=4, i"},"query":{}},"res":{"_headers":{"x-powered-by":"Express","accept-ranges":"bytes","cache-control":"public, max-age=0, immutable","last-modified":"Sat, 26 Oct 1985 08:15:00 GMT","etag":"W/\"ca4a-7438674ba0\"","content-type":"image/png","content-length":51786},"statusCode":200,"responseTime":"2ms"},"msg":"","time":"2025-11-04T01:38:39.685Z","v":0}
{"name":"Log","hostname":"7e6850fef784","pid":1,"level":30,"version":"5.130.5","req":{"meta":{"requestId":"8dff0e6a-1d91-40a2-b386-1c264a98e909","userId":null},"url":"/admin-x-settings/admin-x-settings.js?v=3291c981c1","method":"GET","originalUrl":"/ghost/assets/admin-x-settings/admin-x-settings.js?v=3291c981c1","params":{},"headers":{"host":"localhost:2368","user-agent":"Mozilla/5.0 (X11; Ubuntu; Linux x86_64; rv:144.0) Gecko/20100101 Firefox/144.0","accept":"*/*","accept-encoding":"gzip, deflate, br, zstd","dnt":"1","connection":"keep-alive","referer":"http://localhost:2368/ghost/assets/ghost-bf886dc6db7f0d5d41ebe6a468fadc90.js","sec-fetch-dest":"script","sec-fetch-mode":"cors","sec-fetch-site":"same-origin","sec-gpc":"1"},"query":{"v":"3291c981c1"}},"res":{"_headers":{"x-powered-by":"Express","accept-ranges":"bytes","cache-control":"public, max-age=0, immutable","last-modified":"Sat, 26 Oct 1985 08:15:00 GMT","etag":"W/\"1e28c-7438674ba0\"","content-type":"application/javascript; charset=UTF-8","vary":"Accept-Encoding","content-encoding":"br"},"statusCode":200,"responseTime":"8ms"},"msg":"","time":"2025-11-04T01:38:40.621Z","v":0}
{"name":"Log","hostname":"7e6850fef784","pid":1,"level":30,"version":"5.130.5","req":{"meta":{"requestId":"8d7e08f1-32f6-4b88-a30f-6b029d677c53","userId":null},"url":"/admin-x-settings/index-BVxh86CD.mjs","method":"GET","originalUrl":"/ghost/assets/admin-x-settings/index-BVxh86CD.mjs","params":{},"headers":{"host":"localhost:2368","user-agent":"Mozilla/5.0 (X11; Ubuntu; Linux x86_64; rv:144.0) Gecko/20100101 Firefox/144.0","accept":"*/*","accept-encoding":"gzip, deflate, br, zstd","dnt":"1","connection":"keep-alive","referer":"http://localhost:2368/ghost/assets/admin-x-settings/admin-x-settings.js?v=3291c981c1","sec-fetch-dest":"script","sec-fetch-mode":"cors","sec-fetch-site":"same-origin","sec-gpc":"1"},"query":{}},"res":{"_headers":{"x-powered-by":"Express","accept-ranges":"bytes","cache-control":"public, max-age=0, immutable","last-modified":"Sat, 26 Oct 1985 08:15:00 GMT","etag":"W/\"26fe95-7438674ba0\"","content-type":"application/javascript; charset=UTF-8","vary":"Accept-Encoding","content-encoding":"br"},"statusCode":200,"responseTime":"47ms"},"msg":"","time":"2025-11-04T01:38:40.682Z","v":0}
{"name":"Log","hostname":"7e6850fef784","pid":1,"level":30,"version":"5.130.5","req":{"meta":{"requestId":"0f69bd34-52e4-4e0c-81e9-3823732a2c1a","userId":null},"url":"/admin-x-settings/index-DUhmXSBR.mjs","method":"GET","originalUrl":"/ghost/assets/admin-x-settings/index-DUhmXSBR.mjs","params":{},"headers":{"host":"localhost:2368","user-agent":"Mozilla/5.0 (X11; Ubuntu; Linux x86_64; rv:144.0) Gecko/20100101 Firefox/144.0","accept":"*/*","accept-encoding":"gzip, deflate, br, zstd","dnt":"1","connection":"keep-alive","referer":"http://localhost:2368/ghost/assets/admin-x-settings/index-BVxh86CD.mjs","sec-fetch-dest":"script","sec-fetch-mode":"cors","sec-fetch-site":"same-origin","sec-gpc":"1"},"query":{}},"res":{"_headers":{"x-powered-by":"Express","accept-ranges":"bytes","cache-control":"public, max-age=0, immutable","last-modified":"Sat, 26 Oct 1985 08:15:00 GMT","etag":"W/\"6360e-7438674ba0\"","content-type":"application/javascript; charset=UTF-8","vary":"Accept-Encoding","content-encoding":"br"},"statusCode":200,"responseTime":"8ms"},"msg":"","time":"2025-11-04T01:38:40.778Z","v":0}
{"name":"Log","hostname":"7e6850fef784","pid":1,"level":30,"version":"5.130.5","msg":"Adding one-off job to inlineQueue with current length = 0 called 'sendWebmentions'","time":"2025-11-04T01:40:12.265Z","v":0}
{"name":"Log","hostname":"7e6850fef784","pid":1,"level":30,"version":"5.130.5","req":{"meta":{"requestId":"99857890-e9d4-47bf-8c98-055fa93601c8","userId":null},"url":"/authentication/setup/","method":"POST","originalUrl":"/ghost/api/admin/authentication/setup/","params":{},"headers":{"host":"localhost:2368","user-agent":"Mozilla/5.0 (X11; Ubuntu; Linux x86_64; rv:144.0) Gecko/20100101 Firefox/144.0","accept":"application/json, text/javascript, */*; q=0.01","accept-encoding":"gzip, deflate, br, zstd","content-type":"application/json; charset=UTF-8","x-ghost-version":"5.130","app-pragma":"no-cache","x-requested-with":"XMLHttpRequest","content-length":"124","origin":"http://localhost:2368","dnt":"1","connection":"keep-alive","referer":"http://localhost:2368/ghost/","sec-fetch-dest":"empty","sec-fetch-mode":"cors","sec-fetch-site":"same-origin","sec-gpc":"1","priority":"u=0"},"query":{}},"res":{"_headers":{"x-powered-by":"Express","content-version":"v5.130","vary":"Accept-Version, Origin, Accept-Encoding","cache-control":"no-cache, private, no-store, must-revalidate, max-stale=0, post-check=0, pre-check=0","access-control-allow-origin":"http://localhost:2368","x-cache-invalidate":"/*","content-type":"application/json; charset=utf-8","content-length":"915","etag":"W/\"393-ie+CFmRn3bb+Evqt9H6QvUrt8Lk\""},"statusCode":201,"responseTime":"621ms"},"msg":"","time":"2025-11-04T01:40:12.312Z","v":0}
{"name":"Log","hostname":"7e6850fef784","pid":1,"level":30,"version":"5.130.5","msg":"Adding one-off job to inlineQueue with current length = 0 called 'sendWebmentions'","time":"2025-11-04T01:40:12.345Z","v":0}
{"name":"Log","hostname":"7e6850fef784","pid":1,"level":50,"version":"5.130.5","err":{"id":"347ce350-b91f-11f0-ac1d-11054c16c24f","domain":"http://localhost:2368","code":null,"name":"EmailError","statusCode":500,"level":"normal","message":"Failed to send email. Reason: Email has been temporarily rejected.","context":"\"Unable to send welcome email, your site will continue to function.\"","help":"\"Please see https://ghost.org/docs/config/#mail for instructions on configuring email.\"","stack":"EmailError: Failed to send email. Reason: Email has been temporarily rejected.\n    at createMailError (/var/lib/ghost/versions/5.130.5/core/server/services/mail/GhostMailer.js:81:12)\n    at GhostMailer.handleDirectTransportResponse (/var/lib/ghost/versions/5.130.5/core/server/services/mail/GhostMailer.js:171:19)\n    at GhostMailer.send (/var/lib/ghost/versions/5.130.5/core/server/services/mail/GhostMailer.js:133:25)\n    at process.processTicksAndRejections (node:internal/process/task_queues:95:5)\n    at async getResponse (/var/lib/ghost/versions/5.130.5/node_modules/@tryghost/api-framework/lib/pipeline.js:259:34)\n    at async Object.ImplWrapper [as send] (/var/lib/ghost/versions/5.130.5/node_modules/@tryghost/api-framework/lib/pipeline.js:264:30)\n    at async /var/lib/ghost/versions/5.130.5/core/server/services/auth/setup.js:186:17","hideStack":false},"msg":"Failed to send email. Reason: Email has been temporarily rejected.","time":"2025-11-04T01:40:12.422Z","v":0}
{"name":"Log","hostname":"7e6850fef784","pid":1,"level":30,"version":"5.130.5","req":{"meta":{"requestId":"30104ca1-c59a-48e0-b703-ab6f018a08a4","userId":"1"},"url":"/session","method":"POST","originalUrl":"/ghost/api/admin/session","params":{},"headers":{"host":"localhost:2368","user-agent":"Mozilla/5.0 (X11; Ubuntu; Linux x86_64; rv:144.0) Gecko/20100101 Firefox/144.0","accept":"text/plain, */*; q=0.01","accept-encoding":"gzip, deflate, br, zstd","content-type":"application/json;charset=utf-8","x-ghost-version":"5.130","app-pragma":"no-cache","x-requested-with":"XMLHttpRequest","content-length":"67","origin":"http://localhost:2368","dnt":"1","connection":"keep-alive","referer":"http://localhost:2368/ghost/","sec-fetch-dest":"empty","sec-fetch-mode":"cors","sec-fetch-site":"same-origin","sec-gpc":"1"},"query":{}},"res":{"_headers":{"x-powered-by":"Express","content-version":"v5.130","vary":"Accept-Version, Origin, Accept-Encoding","cache-control":"no-cache, private, no-store, must-revalidate, max-stale=0, post-check=0, pre-check=0","access-control-allow-origin":"http://localhost:2368","content-type":"text/plain; charset=utf-8","content-length":"7","etag":"W/\"7-rM9AyJuqT6iOan/xHh+AW+7K/T8\"","set-cookie":"**REDACTED**"},"statusCode":201,"responseTime":"113ms"},"msg":"","time":"2025-11-04T01:40:12.448Z","v":0}
{"name":"Log","hostname":"7e6850fef784","pid":1,"level":30,"version":"5.130.5","req":{"meta":{"requestId":"0bd3c7a5-486f-436b-b015-48b0c9ac1115","userId":"1"},"url":"/users/me/?include=roles","method":"GET","originalUrl":"/ghost/api/admin/users/me/?include=roles","params":{"id":"me"},"headers":{"host":"localhost:2368","user-agent":"Mozilla/5.0 (X11; Ubuntu; Linux x86_64; rv:144.0) Gecko/20100101 Firefox/144.0","accept":"application/json, text/javascript, */*; q=0.01","accept-encoding":"gzip, deflate, br, zstd","content-type":"application/json; charset=UTF-8","x-ghost-version":"5.130","app-pragma":"no-cache","x-requested-with":"XMLHttpRequest","dnt":"1","connection":"keep-alive","referer":"http://localhost:2368/ghost/","cookie":"**REDACTED**","sec-fetch-dest":"empty","sec-fetch-mode":"cors","sec-fetch-site":"same-origin","sec-gpc":"1"},"query":{"include":"roles"}},"res":{"_headers":{"x-powered-by":"Express","content-version":"v5.130","vary":"Accept-Version, Accept-Encoding","cache-control":"no-cache, private, no-store, must-revalidate, max-stale=0, post-check=0, pre-check=0","content-type":"application/json; charset=utf-8","etag":"W/\"44f-JZBgMMSAdkP3KEscHnZ2QCwPkDU\"","content-encoding":"br"},"statusCode":200,"responseTime":"15ms"},"msg":"","time":"2025-11-04T01:40:12.472Z","v":0}
{"name":"Log","hostname":"7e6850fef784","pid":1,"level":30,"version":"5.130.5","req":{"meta":{"requestId":"4abb4973-bfa3-444f-a849-75cc4710429b","userId":"1"},"url":"/config/","method":"GET","originalUrl":"/ghost/api/admin/config/","params":{},"headers":{"host":"localhost:2368","user-agent":"Mozilla/5.0 (X11; Ubuntu; Linux x86_64; rv:144.0) Gecko/20100101 Firefox/144.0","accept":"application/json, text/javascript, */*; q=0.01","accept-encoding":"gzip, deflate, br, zstd","content-type":"application/json; charset=UTF-8","x-ghost-version":"5.130","app-pragma":"no-cache","x-requested-with":"XMLHttpRequest","dnt":"1","connection":"keep-alive","referer":"http://localhost:2368/ghost/","cookie":"**REDACTED**","sec-fetch-dest":"empty","sec-fetch-mode":"cors","sec-fetch-site":"same-origin","sec-gpc":"1"},"query":{}},"res":{"_headers":{"x-powered-by":"Express","content-version":"v5.130","vary":"Accept-Version, Accept-Encoding","cache-control":"no-cache, private, no-store, must-revalidate, max-stale=0, post-check=0, pre-check=0","content-type":"application/json; charset=utf-8","content-length":"613","etag":"W/\"265-evFIEoOkXSUPe/Qd79HEgZZFH9E\""},"statusCode":200,"responseTime":"9ms"},"msg":"","time":"2025-11-04T01:40:12.498Z","v":0}
{"name":"Log","hostname":"7e6850fef784","pid":1,"level":30,"version":"5.130.5","req":{"meta":{"requestId":"e537b22e-fbc6-40db-a2c8-422d56783e05","userId":"1"},"url":"/tiers/?filter=type%3Apaid%2Bactive%3Atrue&limit=100&page=1","method":"GET","originalUrl":"/ghost/api/admin/tiers/?filter=type%3Apaid%2Bactive%3Atrue&limit=100&page=1","params":{},"headers":{"host":"localhost:2368","user-agent":"Mozilla/5.0 (X11; Ubuntu; Linux x86_64; rv:144.0) Gecko/20100101 Firefox/144.0","accept":"application/json, text/javascript, */*; q=0.01","accept-encoding":"gzip, deflate, br, zstd","content-type":"application/json; charset=UTF-8","x-ghost-version":"5.130","app-pragma":"no-cache","x-requested-with":"XMLHttpRequest","dnt":"1","connection":"keep-alive","referer":"http://localhost:2368/ghost/","cookie":"**REDACTED**","sec-fetch-dest":"empty","sec-fetch-mode":"cors","sec-fetch-site":"same-origin","sec-gpc":"1"},"query":{"filter":"type:paid+active:true","limit":"100","page":"1"}},"res":{"_headers":{"x-powered-by":"Express","content-version":"v5.130","vary":"Accept-Version, Accept-Encoding","cache-control":"no-cache, private, no-store, must-revalidate, max-stale=0, post-check=0, pre-check=0","content-type":"application/json; charset=utf-8","content-length":"437","etag":"W/\"1b5-zJmQiz01Hz8mI5gA5C4tvoR5s2I\""},"statusCode":200,"responseTime":"32ms"},"msg":"","time":"2025-11-04T01:40:12.533Z","v":0}
{"name":"Log","hostname":"7e6850fef784","pid":1,"level":30,"version":"5.130.5","req":{"meta":{"requestId":"2d6b4a15-2c98-41ca-bcd3-674c7f276258","userId":"1"},"url":"/settings/?group=site%2Ctheme%2Cprivate%2Cmembers%2Cportal%2Cnewsletter%2Cemail%2Camp%2Clabs%2Cslack%2Cunsplash%2Cviews%2Cfirstpromoter%2Ceditor%2Ccomments%2Canalytics%2Cannouncement%2Cpintura%2Cdonations%2Crecommendations%2Csecurity%2Csocial_web%2Cexplore","method":"GET","originalUrl":"/ghost/api/admin/settings/?group=site%2Ctheme%2Cprivate%2Cmembers%2Cportal%2Cnewsletter%2Cemail%2Camp%2Clabs%2Cslack%2Cunsplash%2Cviews%2Cfirstpromoter%2Ceditor%2Ccomments%2Canalytics%2Cannouncement%2Cpintura%2Cdonations%2Crecommendations%2Csecurity%2Csocial_web%2Cexplore","params":{},"headers":{"host":"localhost:2368","user-agent":"Mozilla/5.0 (X11; Ubuntu; Linux x86_64; rv:144.0) Gecko/20100101 Firefox/144.0","accept":"application/json, text/javascript, */*; q=0.01","accept-encoding":"gzip, deflate, br, zstd","content-type":"application/json; charset=UTF-8","x-ghost-version":"5.130","app-pragma":"no-cache","x-requested-with":"XMLHttpRequest","dnt":"1","connection":"keep-alive","referer":"http://localhost:2368/ghost/","cookie":"**REDACTED**","sec-fetch-dest":"empty","sec-fetch-mode":"cors","sec-fetch-site":"same-origin","sec-gpc":"1"},"query":{"group":"site,theme,private,members,portal,newsletter,email,amp,labs,slack,unsplash,views,firstpromoter,editor,comments,analytics,announcement,pintura,donations,recommendations,security,social_web,explore"}},"res":{"_headers":{"x-powered-by":"Express","content-version":"v5.130","vary":"Accept-Version, Accept-Encoding","cache-control":"no-cache, private, no-store, must-revalidate, max-stale=0, post-check=0, pre-check=0","content-type":"application/json; charset=utf-8","etag":"W/\"12a3-UPZlKj75g80Tz2A/EdSzsIJ9/+w\"","content-encoding":"br"},"statusCode":200,"responseTime":"40ms"},"msg":"","time":"2025-11-04T01:40:12.539Z","v":0}
{"name":"Log","hostname":"7e6850fef784","pid":1,"level":30,"version":"5.130.5","req":{"meta":{"requestId":"39607a01-5481-4369-834e-cecec1923f7b","userId":null},"url":"/ghost-dark-a6901b9bab812b089d0c87e14735d69e.css","method":"GET","originalUrl":"/ghost/assets/ghost-dark-a6901b9bab812b089d0c87e14735d69e.css","params":{},"headers":{"host":"localhost:2368","user-agent":"Mozilla/5.0 (X11; Ubuntu; Linux x86_64; rv:144.0) Gecko/20100101 Firefox/144.0","accept":"text/css,*/*;q=0.1","accept-encoding":"gzip, deflate, br, zstd","dnt":"1","connection":"keep-alive","referer":"http://localhost:2368/ghost/","cookie":"**REDACTED**","sec-fetch-dest":"style","sec-fetch-mode":"no-cors","sec-fetch-site":"same-origin","sec-gpc":"1","priority":"u=4"},"query":{}},"res":{"_headers":{"x-powered-by":"Express","accept-ranges":"bytes","cache-control":"public, max-age=0, immutable","last-modified":"Sat, 26 Oct 1985 08:15:00 GMT","etag":"W/\"8fc60-7438674ba0\"","content-type":"text/css; charset=UTF-8","vary":"Accept-Encoding","content-encoding":"br"},"statusCode":200,"responseTime":"12ms"},"msg":"","time":"2025-11-04T01:40:12.566Z","v":0}
{"name":"Log","hostname":"7e6850fef784","pid":1,"level":30,"version":"5.130.5","req":{"meta":{"requestId":"24a1e87c-5262-41aa-9c23-7688668578e8","userId":"1"},"url":"/themes/active/","method":"GET","originalUrl":"/ghost/api/admin/themes/active/","params":{},"headers":{"host":"localhost:2368","user-agent":"Mozilla/5.0 (X11; Ubuntu; Linux x86_64; rv:144.0) Gecko/20100101 Firefox/144.0","accept":"application/json, text/javascript, */*; q=0.01","accept-encoding":"gzip, deflate, br, zstd","content-type":"application/json; charset=UTF-8","x-ghost-version":"5.130","app-pragma":"no-cache","x-requested-with":"XMLHttpRequest","dnt":"1","connection":"keep-alive","referer":"http://localhost:2368/ghost/","cookie":"**REDACTED**","sec-fetch-dest":"empty","sec-fetch-mode":"cors","sec-fetch-site":"same-origin","sec-gpc":"1"},"query":{}},"res":{"_headers":{"x-powered-by":"Express","content-version":"v5.130","vary":"Accept-Version, Accept-Encoding","cache-control":"no-cache, private, no-store, must-revalidate, max-stale=0, post-check=0, pre-check=0","content-type":"application/json; charset=utf-8","etag":"W/\"e93-rJ65zfyElQqbqi/vH2pWLKGkojE\"","content-encoding":"br"},"statusCode":200,"responseTime":"26ms"},"msg":"","time":"2025-11-04T01:40:12.627Z","v":0}
{"name":"Log","hostname":"7e6850fef784","pid":1,"level":30,"version":"5.130.5","req":{"meta":{"requestId":"4dde4d12-67af-4628-9d98-035a1ef248d7","userId":"1"},"url":"/notifications/","method":"GET","originalUrl":"/ghost/api/admin/notifications/","params":{},"headers":{"host":"localhost:2368","user-agent":"Mozilla/5.0 (X11; Ubuntu; Linux x86_64; rv:144.0) Gecko/20100101 Firefox/144.0","accept":"application/json, text/javascript, */*; q=0.01","accept-encoding":"gzip, deflate, br, zstd","content-type":"application/json; charset=UTF-8","x-ghost-version":"5.130","app-pragma":"no-cache","x-requested-with":"XMLHttpRequest","dnt":"1","connection":"keep-alive","referer":"http://localhost:2368/ghost/","cookie":"**REDACTED**","sec-fetch-dest":"empty","sec-fetch-mode":"cors","sec-fetch-site":"same-origin","sec-gpc":"1"},"query":{}},"res":{"_headers":{"x-powered-by":"Express","content-version":"v5.130","vary":"Accept-Version, Accept-Encoding","cache-control":"no-cache, private, no-store, must-revalidate, max-stale=0, post-check=0, pre-check=0","content-type":"application/json; charset=utf-8","content-length":"243","etag":"W/\"f3-eurmq2j6AOCeX2lOE77mG9d5Pno\""},"statusCode":200,"responseTime":"38ms"},"msg":"","time":"2025-11-04T01:40:12.656Z","v":0}
{"name":"Log","hostname":"7e6850fef784","pid":1,"level":30,"version":"5.130.5","req":{"meta":{"requestId":"4306b34e-e479-4a2e-ac03-c99b358d36e5","userId":"1"},"url":"/users/1/?include=roles","method":"PUT","originalUrl":"/ghost/api/admin/users/1/?include=roles","params":{"id":"1"},"headers":{"host":"localhost:2368","user-agent":"Mozilla/5.0 (X11; Ubuntu; Linux x86_64; rv:144.0) Gecko/20100101 Firefox/144.0","accept":"application/json, text/javascript, */*; q=0.01","accept-encoding":"gzip, deflate, br, zstd","content-type":"application/json; charset=utf-8","x-ghost-version":"5.130","app-pragma":"no-cache","x-requested-with":"XMLHttpRequest","content-length":"979","origin":"http://localhost:2368","dnt":"1","connection":"keep-alive","referer":"http://localhost:2368/ghost/","cookie":"**REDACTED**","sec-fetch-dest":"empty","sec-fetch-mode":"cors","sec-fetch-site":"same-origin","sec-gpc":"1"},"query":{"include":"roles"}},"res":{"_headers":{"x-powered-by":"Express","content-version":"v5.130","vary":"Accept-Version, Origin, Accept-Encoding","cache-control":"no-cache, private, no-store, must-revalidate, max-stale=0, post-check=0, pre-check=0","access-control-allow-origin":"http://localhost:2368","content-type":"application/json; charset=utf-8","etag":"W/\"494-QuWx+SOc0kFSefKVNxRaDTlQg8s\"","content-encoding":"br"},"statusCode":200,"responseTime":"72ms"},"msg":"","time":"2025-11-04T01:40:12.700Z","v":0}
{"name":"Log","hostname":"7e6850fef784","pid":1,"level":30,"version":"5.130.5","req":{"meta":{"requestId":"7f88c12f-b6fb-4f13-8888-d9b46efc0b3a","userId":"1"},"url":"/members/?order=id&limit=1&page=1&include=newsletters%2Clabels","method":"GET","originalUrl":"/ghost/api/admin/members/?order=id&limit=1&page=1&include=newsletters%2Clabels","params":{},"headers":{"host":"localhost:2368","user-agent":"Mozilla/5.0 (X11; Ubuntu; Linux x86_64; rv:144.0) Gecko/20100101 Firefox/144.0","accept":"application/json, text/javascript, */*; q=0.01","accept-encoding":"gzip, deflate, br, zstd","content-type":"application/json; charset=UTF-8","x-ghost-version":"5.130","app-pragma":"no-cache","x-requested-with":"XMLHttpRequest","dnt":"1","connection":"keep-alive","referer":"http://localhost:2368/ghost/","cookie":"**REDACTED**","sec-fetch-dest":"empty","sec-fetch-mode":"cors","sec-fetch-site":"same-origin","sec-gpc":"1"},"query":{"order":"id","limit":"1","page":"1","include":"newsletters,labels"}},"res":{"_headers":{"x-powered-by":"Express","content-version":"v5.130","vary":"Accept-Version, Accept-Encoding","cache-control":"no-cache, private, no-store, must-revalidate, max-stale=0, post-check=0, pre-check=0","content-type":"application/json; charset=utf-8","content-length":"101","etag":"W/\"65-f6nBT1UI6bh1EnkUkUhaEXI/ziw\""},"statusCode":200,"responseTime":"37ms"},"msg":"","time":"2025-11-04T01:40:12.757Z","v":0}
{"name":"Log","hostname":"7e6850fef784","pid":1,"level":30,"version":"5.130.5","req":{"meta":{"requestId":"197e9d37-e596-4aa5-a939-588e3cf0e78e","userId":null},"url":"/videos/logo-loader-d91f93ba1dbf0f52a22815b5a571bd31.mp4","method":"GET","originalUrl":"/ghost/assets/videos/logo-loader-d91f93ba1dbf0f52a22815b5a571bd31.mp4","params":{},"headers":{"host":"localhost:2368","user-agent":"Mozilla/5.0 (X11; Ubuntu; Linux x86_64; rv:144.0) Gecko/20100101 Firefox/144.0","accept":"video/webm,video/ogg,video/*;q=0.9,application/ogg;q=0.7,audio/*;q=0.6,*/*;q=0.5","range":"bytes=0-","dnt":"1","connection":"keep-alive","referer":"http://localhost:2368/ghost/","cookie":"**REDACTED**","sec-fetch-dest":"video","sec-fetch-mode":"no-cors","sec-fetch-site":"same-origin","sec-gpc":"1","accept-encoding":"identity","if-modified-since":"Sat, 26 Oct 1985 08:15:00 GMT","if-none-match":"W/\"1ff8a-7438674ba0\"","priority":"u=4"},"query":{}},"res":{"_headers":{"x-powered-by":"Express","accept-ranges":"bytes","cache-control":"public, max-age=0, immutable","last-modified":"Sat, 26 Oct 1985 08:15:00 GMT","etag":"W/\"1ff8a-7438674ba0\""},"statusCode":304,"responseTime":"2ms"},"msg":"","time":"2025-11-04T01:40:12.765Z","v":0}
{"name":"Log","hostname":"7e6850fef784","pid":1,"level":30,"version":"5.130.5","req":{"meta":{"requestId":"e84dda48-b001-4077-ab80-2918ef595a2b","userId":null},"url":"/koenig-lexical/koenig-lexical.umd.js?v=37bd1e3e4d","method":"GET","originalUrl":"/ghost/assets/koenig-lexical/koenig-lexical.umd.js?v=37bd1e3e4d","params":{},"headers":{"host":"localhost:2368","user-agent":"Mozilla/5.0 (X11; Ubuntu; Linux x86_64; rv:144.0) Gecko/20100101 Firefox/144.0","accept":"*/*","accept-encoding":"gzip, deflate, br, zstd","dnt":"1","connection":"keep-alive","referer":"http://localhost:2368/ghost/assets/ghost-bf886dc6db7f0d5d41ebe6a468fadc90.js","cookie":"**REDACTED**","sec-fetch-dest":"script","sec-fetch-mode":"cors","sec-fetch-site":"same-origin","sec-gpc":"1"},"query":{"v":"37bd1e3e4d"}},"res":{"_headers":{"x-powered-by":"Express","accept-ranges":"bytes","cache-control":"public, max-age=0, immutable","last-modified":"Sat, 26 Oct 1985 08:15:00 GMT","etag":"W/\"2c626b-7438674ba0\"","content-type":"application/javascript; charset=UTF-8","vary":"Accept-Encoding","content-encoding":"br"},"statusCode":200,"responseTime":"166ms"},"msg":"","time":"2025-11-04T01:40:12.783Z","v":0}
{"name":"Log","hostname":"7e6850fef784","pid":1,"level":30,"version":"5.130.5","req":{"meta":{"requestId":"c071f21c-8d3f-4fdd-91de-6f8c46575c9f","userId":null},"url":"/site/","method":"GET","originalUrl":"/ghost/api/admin/site/","params":{},"headers":{"host":"localhost:2368","user-agent":"Mozilla/5.0 (X11; Ubuntu; Linux x86_64; rv:144.0) Gecko/20100101 Firefox/144.0","accept":"*/*","accept-encoding":"gzip, deflate, br, zstd","referer":"http://localhost:2368/ghost/","app-pragma":"no-cache","x-ghost-version":"5.130","dnt":"1","connection":"keep-alive","cookie":"**REDACTED**","sec-fetch-dest":"empty","sec-fetch-mode":"cors","sec-fetch-site":"same-origin","sec-gpc":"1","priority":"u=0"},"query":{}},"res":{"_headers":{"x-powered-by":"Express","content-version":"v5.130","vary":"Accept-Version, Accept-Encoding","cache-control":"no-cache, private, no-store, must-revalidate, max-stale=0, post-check=0, pre-check=0","content-type":"application/json; charset=utf-8","content-length":"346","etag":"W/\"15a-LrP29nY3lfD5w1KXmlowSi+FjOw\""},"statusCode":200,"responseTime":"2ms"},"msg":"","time":"2025-11-04T01:40:24.274Z","v":0}
{"name":"Log","hostname":"7e6850fef784","pid":1,"level":30,"version":"5.130.5","req":{"meta":{"requestId":"2e401deb-7a1b-49bb-909d-8201e9c03148","userId":"1"},"url":"/config/","method":"GET","originalUrl":"/ghost/api/admin/config/","params":{},"headers":{"host":"localhost:2368","user-agent":"Mozilla/5.0 (X11; Ubuntu; Linux x86_64; rv:144.0) Gecko/20100101 Firefox/144.0","accept":"*/*","accept-encoding":"gzip, deflate, br, zstd","referer":"http://localhost:2368/ghost/","app-pragma":"no-cache","x-ghost-version":"5.130","dnt":"1","connection":"keep-alive","cookie":"**REDACTED**","sec-fetch-dest":"empty","sec-fetch-mode":"cors","sec-fetch-site":"same-origin","sec-gpc":"1","priority":"u=0"},"query":{}},"res":{"_headers":{"x-powered-by":"Express","content-version":"v5.130","vary":"Accept-Version, Accept-Encoding","cache-control":"no-cache, private, no-store, must-revalidate, max-stale=0, post-check=0, pre-check=0","content-type":"application/json; charset=utf-8","content-length":"613","etag":"W/\"265-evFIEoOkXSUPe/Qd79HEgZZFH9E\""},"statusCode":200,"responseTime":"22ms"},"msg":"","time":"2025-11-04T01:40:24.300Z","v":0}
{"name":"Log","hostname":"7e6850fef784","pid":1,"level":30,"version":"5.130.5","req":{"meta":{"requestId":"a3bf464f-8992-415c-a918-72002ca7847e","userId":"1"},"url":"/users/1/?include=roles","method":"PUT","originalUrl":"/ghost/api/admin/users/1/?include=roles","params":{"id":"1"},"headers":{"host":"localhost:2368","user-agent":"Mozilla/5.0 (X11; Ubuntu; Linux x86_64; rv:144.0) Gecko/20100101 Firefox/144.0","accept":"application/json, text/javascript, */*; q=0.01","accept-encoding":"gzip, deflate, br, zstd","content-type":"application/json; charset=utf-8","x-ghost-version":"5.130","app-pragma":"no-cache","x-requested-with":"XMLHttpRequest","content-length":"999","origin":"http://localhost:2368","dnt":"1","connection":"keep-alive","referer":"http://localhost:2368/ghost/","cookie":"**REDACTED**","sec-fetch-dest":"empty","sec-fetch-mode":"cors","sec-fetch-site":"same-origin","sec-gpc":"1","priority":"u=0"},"query":{"include":"roles"}},"res":{"_headers":{"x-powered-by":"Express","content-version":"v5.130","vary":"Accept-Version, Origin, Accept-Encoding","cache-control":"no-cache, private, no-store, must-revalidate, max-stale=0, post-check=0, pre-check=0","access-control-allow-origin":"http://localhost:2368","content-type":"application/json; charset=utf-8","etag":"W/\"4a8-qmnUsQem5LIVsh0epEUMbYgAnSU\"","content-encoding":"br"},"statusCode":200,"responseTime":"91ms"},"msg":"","time":"2025-11-04T01:40:24.309Z","v":0}
{"name":"Log","hostname":"7e6850fef784","pid":1,"level":30,"version":"5.130.5","req":{"meta":{"requestId":"a372e831-9909-4626-81c9-344f9ff89d11","userId":"1"},"url":"/settings/?group=site%2Ctheme%2Cprivate%2Cmembers%2Cportal%2Cnewsletter%2Cemail%2Camp%2Clabs%2Cslack%2Cunsplash%2Cviews%2Cfirstpromoter%2Ceditor%2Ccomments%2Canalytics%2Cannouncement%2Cpintura%2Cdonations%2Csecurity%2Csocial_web%2Cexplore","method":"GET","originalUrl":"/ghost/api/admin/settings/?group=site%2Ctheme%2Cprivate%2Cmembers%2Cportal%2Cnewsletter%2Cemail%2Camp%2Clabs%2Cslack%2Cunsplash%2Cviews%2Cfirstpromoter%2Ceditor%2Ccomments%2Canalytics%2Cannouncement%2Cpintura%2Cdonations%2Csecurity%2Csocial_web%2Cexplore","params":{},"headers":{"host":"localhost:2368","user-agent":"Mozilla/5.0 (X11; Ubuntu; Linux x86_64; rv:144.0) Gecko/20100101 Firefox/144.0","accept":"*/*","accept-encoding":"gzip, deflate, br, zstd","referer":"http://localhost:2368/ghost/","app-pragma":"no-cache","x-ghost-version":"5.130","dnt":"1","connection":"keep-alive","cookie":"**REDACTED**","sec-fetch-dest":"empty","sec-fetch-mode":"cors","sec-fetch-site":"same-origin","sec-gpc":"1","priority":"u=0"},"query":{"group":"site,theme,private,members,portal,newsletter,email,amp,labs,slack,unsplash,views,firstpromoter,editor,comments,analytics,announcement,pintura,donations,security,social_web,explore"}},"res":{"_headers":{"x-powered-by":"Express","content-version":"v5.130","vary":"Accept-Version, Accept-Encoding","cache-control":"no-cache, private, no-store, must-revalidate, max-stale=0, post-check=0, pre-check=0","content-type":"application/json; charset=utf-8","etag":"W/\"1263-PrkNTfUYSPnbbtzPSuKU/u7ZNyo\"","content-encoding":"br"},"statusCode":200,"responseTime":"48ms"},"msg":"","time":"2025-11-04T01:40:24.312Z","v":0}
{"name":"Log","hostname":"7e6850fef784","pid":1,"level":30,"version":"5.130.5","req":{"meta":{"requestId":"710f08ce-df06-4c6f-8f54-6ee4b70a4206","userId":"1"},"url":"/users/me/?include=roles","method":"GET","originalUrl":"/ghost/api/admin/users/me/?include=roles","params":{"id":"me"},"headers":{"host":"localhost:2368","user-agent":"Mozilla/5.0 (X11; Ubuntu; Linux x86_64; rv:144.0) Gecko/20100101 Firefox/144.0","accept":"*/*","accept-encoding":"gzip, deflate, br, zstd","referer":"http://localhost:2368/ghost/","app-pragma":"no-cache","x-ghost-version":"5.130","dnt":"1","connection":"keep-alive","cookie":"**REDACTED**","sec-fetch-dest":"empty","sec-fetch-mode":"cors","sec-fetch-site":"same-origin","sec-gpc":"1","priority":"u=0"},"query":{"include":"roles"}},"res":{"_headers":{"x-powered-by":"Express","content-version":"v5.130","vary":"Accept-Version, Accept-Encoding","cache-control":"no-cache, private, no-store, must-revalidate, max-stale=0, post-check=0, pre-check=0","content-type":"application/json; charset=utf-8","etag":"W/\"4a8-qmnUsQem5LIVsh0epEUMbYgAnSU\"","content-encoding":"br"},"statusCode":200,"responseTime":"39ms"},"msg":"","time":"2025-11-04T01:40:24.323Z","v":0}
{"name":"Log","hostname":"7e6850fef784","pid":1,"level":30,"version":"5.130.5","req":{"meta":{"requestId":"b3a0deb3-ae4b-42fe-96a8-c295854f20ad","userId":null},"url":"/admin-x-settings/modals-B5dtfzsB.mjs","method":"GET","originalUrl":"/ghost/assets/admin-x-settings/modals-B5dtfzsB.mjs","params":{},"headers":{"host":"localhost:2368","user-agent":"Mozilla/5.0 (X11; Ubuntu; Linux x86_64; rv:144.0) Gecko/20100101 Firefox/144.0","accept":"*/*","accept-encoding":"gzip, deflate, br, zstd","dnt":"1","connection":"keep-alive","referer":"http://localhost:2368/ghost/assets/admin-x-settings/index-BVxh86CD.mjs","cookie":"**REDACTED**","sec-fetch-dest":"script","sec-fetch-mode":"cors","sec-fetch-site":"same-origin","sec-gpc":"1"},"query":{}},"res":{"_headers":{"x-powered-by":"Express","accept-ranges":"bytes","cache-control":"public, max-age=0, immutable","last-modified":"Sat, 26 Oct 1985 08:15:00 GMT","etag":"W/\"140727-7438674ba0\"","content-type":"application/javascript; charset=UTF-8","vary":"Accept-Encoding","content-encoding":"br"},"statusCode":200,"responseTime":"26ms"},"msg":"","time":"2025-11-04T01:40:24.363Z","v":0}
{"name":"Log","hostname":"7e6850fef784","pid":1,"level":30,"version":"5.130.5","req":{"meta":{"requestId":"c8f99c62-4543-4d20-8626-91fa145fb8cf","userId":"1"},"url":"/tiers/","method":"GET","originalUrl":"/ghost/api/admin/tiers/","params":{},"headers":{"host":"localhost:2368","user-agent":"Mozilla/5.0 (X11; Ubuntu; Linux x86_64; rv:144.0) Gecko/20100101 Firefox/144.0","accept":"*/*","accept-encoding":"gzip, deflate, br, zstd","referer":"http://localhost:2368/ghost/","app-pragma":"no-cache","x-ghost-version":"5.130","dnt":"1","connection":"keep-alive","cookie":"**REDACTED**","sec-fetch-dest":"empty","sec-fetch-mode":"cors","sec-fetch-site":"same-origin","sec-gpc":"1","priority":"u=4"},"query":{}},"res":{"_headers":{"x-powered-by":"Express","content-version":"v5.130","vary":"Accept-Version, Accept-Encoding","cache-control":"no-cache, private, no-store, must-revalidate, max-stale=0, post-check=0, pre-check=0","content-type":"application/json; charset=utf-8","content-length":"701","etag":"W/\"2bd-TrcQ1w5lmj7essGSvTD+rzkRZOY\""},"statusCode":200,"responseTime":"88ms"},"msg":"","time":"2025-11-04T01:40:24.541Z","v":0}
{"name":"Log","hostname":"7e6850fef784","pid":1,"level":30,"version":"5.130.5","req":{"meta":{"requestId":"4f84bf7b-56ac-4ca8-b7f5-9749281001fe","userId":"1"},"url":"/themes/","method":"GET","originalUrl":"/ghost/api/admin/themes/","params":{},"headers":{"host":"localhost:2368","user-agent":"Mozilla/5.0 (X11; Ubuntu; Linux x86_64; rv:144.0) Gecko/20100101 Firefox/144.0","accept":"*/*","accept-encoding":"gzip, deflate, br, zstd","referer":"http://localhost:2368/ghost/","app-pragma":"no-cache","x-ghost-version":"5.130","dnt":"1","connection":"keep-alive","cookie":"**REDACTED**","sec-fetch-dest":"empty","sec-fetch-mode":"cors","sec-fetch-site":"same-origin","sec-gpc":"1","priority":"u=4"},"query":{}},"res":{"_headers":{"x-powered-by":"Express","content-version":"v5.130","vary":"Accept-Version, Accept-Encoding","cache-control":"no-cache, private, no-store, must-revalidate, max-stale=0, post-check=0, pre-check=0","content-type":"application/json; charset=utf-8","etag":"W/\"1d17-BNfJ2RvuMc/iuHT0esj15cPBYLA\"","content-encoding":"br"},"statusCode":200,"responseTime":"113ms"},"msg":"","time":"2025-11-04T01:40:24.566Z","v":0}
{"name":"Log","hostname":"7e6850fef784","pid":1,"level":30,"version":"5.130.5","req":{"meta":{"requestId":"0aaba9fa-7932-4d49-9a6a-ec6edc66a60d","userId":"1"},"url":"/roles/?limit=100","method":"GET","originalUrl":"/ghost/api/admin/roles/?limit=100","params":{},"headers":{"host":"localhost:2368","user-agent":"Mozilla/5.0 (X11; Ubuntu; Linux x86_64; rv:144.0) Gecko/20100101 Firefox/144.0","accept":"*/*","accept-encoding":"gzip, deflate, br, zstd","referer":"http://localhost:2368/ghost/","app-pragma":"no-cache","x-ghost-version":"5.130","dnt":"1","connection":"keep-alive","cookie":"**REDACTED**","sec-fetch-dest":"empty","sec-fetch-mode":"cors","sec-fetch-site":"same-origin","sec-gpc":"1","priority":"u=4"},"query":{"limit":"100"}},"res":{"_headers":{"x-powered-by":"Express","content-version":"v5.130","vary":"Accept-Version, Accept-Encoding","cache-control":"no-cache, private, no-store, must-revalidate, max-stale=0, post-check=0, pre-check=0","content-type":"application/json; charset=utf-8","etag":"W/\"7ab-RRFeSuJVnRSno/VTvH6+nh4f1I4\"","content-encoding":"br"},"statusCode":200,"responseTime":"118ms"},"msg":"","time":"2025-11-04T01:40:24.569Z","v":0}
{"name":"Log","hostname":"7e6850fef784","pid":1,"level":30,"version":"5.130.5","req":{"meta":{"requestId":"2eed3c54-1ee3-4f4f-82e7-c4a5be251b5f","userId":"1"},"url":"/invites/","method":"GET","originalUrl":"/ghost/api/admin/invites/","params":{},"headers":{"host":"localhost:2368","user-agent":"Mozilla/5.0 (X11; Ubuntu; Linux x86_64; rv:144.0) Gecko/20100101 Firefox/144.0","accept":"*/*","accept-encoding":"gzip, deflate, br, zstd","referer":"http://localhost:2368/ghost/","app-pragma":"no-cache","x-ghost-version":"5.130","dnt":"1","connection":"keep-alive","cookie":"**REDACTED**","sec-fetch-dest":"empty","sec-fetch-mode":"cors","sec-fetch-site":"same-origin","sec-gpc":"1","priority":"u=4"},"query":{}},"res":{"_headers":{"x-powered-by":"Express","content-version":"v5.130","vary":"Accept-Version, Accept-Encoding","cache-control":"no-cache, private, no-store, must-revalidate, max-stale=0, post-check=0, pre-check=0","content-type":"application/json; charset=utf-8","content-length":"102","etag":"W/\"66-sOX4mOGvIzARC+CuIiE6bGahqSc\""},"statusCode":200,"responseTime":"133ms"},"msg":"","time":"2025-11-04T01:40:24.583Z","v":0}
{"name":"Log","hostname":"7e6850fef784","pid":1,"level":30,"version":"5.130.5","req":{"meta":{"requestId":"3ff14268-069a-4215-8b61-881cc93f2f74","userId":"1"},"url":"/users/?limit=100&include=roles","method":"GET","originalUrl":"/ghost/api/admin/users/?limit=100&include=roles","params":{},"headers":{"host":"localhost:2368","user-agent":"Mozilla/5.0 (X11; Ubuntu; Linux x86_64; rv:144.0) Gecko/20100101 Firefox/144.0","accept":"*/*","accept-encoding":"gzip, deflate, br, zstd","referer":"http://localhost:2368/ghost/","app-pragma":"no-cache","x-ghost-version":"5.130","dnt":"1","connection":"keep-alive","cookie":"**REDACTED**","sec-fetch-dest":"empty","sec-fetch-mode":"cors","sec-fetch-site":"same-origin","sec-gpc":"1","priority":"u=4"},"query":{"limit":"100","include":"roles"}},"res":{"_headers":{"x-powered-by":"Express","content-version":"v5.130","vary":"Accept-Version, Accept-Encoding","cache-control":"no-cache, private, no-store, must-revalidate, max-stale=0, post-check=0, pre-check=0","content-type":"application/json; charset=utf-8","etag":"W/\"501-4FjtzttsG8T2SxD4qtY8j6EUIUY\"","content-encoding":"br"},"statusCode":200,"responseTime":"163ms"},"msg":"","time":"2025-11-04T01:40:24.608Z","v":0}
{"name":"Log","hostname":"7e6850fef784","pid":1,"level":30,"version":"5.130.5","req":{"meta":{"requestId":"64fa598e-f262-42ae-abff-36038f77323f","userId":"1"},"url":"/recommendations/?include=count.clicks%2Ccount.subscribers&order=created_at+desc&limit=5","method":"GET","originalUrl":"/ghost/api/admin/recommendations/?include=count.clicks%2Ccount.subscribers&order=created_at+desc&limit=5","params":{},"headers":{"host":"localhost:2368","user-agent":"Mozilla/5.0 (X11; Ubuntu; Linux x86_64; rv:144.0) Gecko/20100101 Firefox/144.0","accept":"*/*","accept-encoding":"gzip, deflate, br, zstd","referer":"http://localhost:2368/ghost/","app-pragma":"no-cache","x-ghost-version":"5.130","dnt":"1","connection":"keep-alive","cookie":"**REDACTED**","sec-fetch-dest":"empty","sec-fetch-mode":"cors","sec-fetch-site":"same-origin","sec-gpc":"1","priority":"u=4"},"query":{"include":"count.clicks,count.subscribers","order":"created_at desc","limit":"5"}},"res":{"_headers":{"x-powered-by":"Express","content-version":"v5.130","vary":"Accept-Version, Accept-Encoding","cache-control":"no-cache, private, no-store, must-revalidate, max-stale=0, post-check=0, pre-check=0","content-type":"application/json; charset=utf-8","content-length":"109","etag":"W/\"6d-C6k8ydjJ913rUrlEenifUzC6yww\""},"statusCode":200,"responseTime":"174ms"},"msg":"","time":"2025-11-04T01:40:24.630Z","v":0}
{"name":"Log","hostname":"7e6850fef784","pid":1,"level":30,"version":"5.130.5","req":{"meta":{"requestId":"dc1fde0b-ecde-4c54-81e3-9cc7a7f46a8f","userId":"1"},"url":"/stats/referrers/","method":"GET","originalUrl":"/ghost/api/admin/stats/referrers/","params":{},"headers":{"host":"localhost:2368","user-agent":"Mozilla/5.0 (X11; Ubuntu; Linux x86_64; rv:144.0) Gecko/20100101 Firefox/144.0","accept":"*/*","accept-encoding":"gzip, deflate, br, zstd","referer":"http://localhost:2368/ghost/","app-pragma":"no-cache","x-ghost-version":"5.130","dnt":"1","connection":"keep-alive","cookie":"**REDACTED**","sec-fetch-dest":"empty","sec-fetch-mode":"cors","sec-fetch-site":"same-origin","sec-gpc":"1","priority":"u=4"},"query":{}},"res":{"_headers":{"x-powered-by":"Express","content-version":"v5.130","vary":"Accept-Version, Accept-Encoding","cache-control":"no-cache, private, no-store, must-revalidate, max-stale=0, post-check=0, pre-check=0","content-type":"application/json; charset=utf-8","content-length":"22","etag":"W/\"16-WcmRIiz+hBM7bbYRjg6ziVwXuLI\""},"statusCode":200,"responseTime":"141ms"},"msg":"","time":"2025-11-04T01:40:24.714Z","v":0}
{"name":"Log","hostname":"7e6850fef784","pid":1,"level":30,"version":"5.130.5","req":{"meta":{"requestId":"dd540d61-1ed0-41bb-bd64-44495c1a0d52","userId":"1"},"url":"/incoming_recommendations/?limit=5&order=created_at+desc","method":"GET","originalUrl":"/ghost/api/admin/incoming_recommendations/?limit=5&order=created_at+desc","params":{},"headers":{"host":"localhost:2368","user-agent":"Mozilla/5.0 (X11; Ubuntu; Linux x86_64; rv:144.0) Gecko/20100101 Firefox/144.0","accept":"*/*","accept-encoding":"gzip, deflate, br, zstd","referer":"http://localhost:2368/ghost/","app-pragma":"no-cache","x-ghost-version":"5.130","dnt":"1","connection":"keep-alive","cookie":"**REDACTED**","sec-fetch-dest":"empty","sec-fetch-mode":"cors","sec-fetch-site":"same-origin","sec-gpc":"1","priority":"u=4"},"query":{"limit":"5","order":"created_at desc"}},"res":{"_headers":{"x-powered-by":"Express","content-version":"v5.130","vary":"Accept-Version, Accept-Encoding","cache-control":"no-cache, private, no-store, must-revalidate, max-stale=0, post-check=0, pre-check=0","content-type":"application/json; charset=utf-8","content-length":"109","etag":"W/\"6d-aDlCMngXFadesmbdF27VgKzSNxE\""},"statusCode":200,"responseTime":"185ms"},"msg":"","time":"2025-11-04T01:40:24.735Z","v":0}
{"name":"Log","hostname":"7e6850fef784","pid":1,"level":30,"version":"5.130.5","req":{"meta":{"requestId":"a936dc37-02c3-45ab-92a4-96424319c8ea","userId":"1"},"url":"/newsletters/?include=count.active_members%2Ccount.posts&limit=50","method":"GET","originalUrl":"/ghost/api/admin/newsletters/?include=count.active_members%2Ccount.posts&limit=50","params":{},"headers":{"host":"localhost:2368","user-agent":"Mozilla/5.0 (X11; Ubuntu; Linux x86_64; rv:144.0) Gecko/20100101 Firefox/144.0","accept":"*/*","accept-encoding":"gzip, deflate, br, zstd","referer":"http://localhost:2368/ghost/","app-pragma":"no-cache","x-ghost-version":"5.130","dnt":"1","connection":"keep-alive","cookie":"**REDACTED**","sec-fetch-dest":"empty","sec-fetch-mode":"cors","sec-fetch-site":"same-origin","sec-gpc":"1","priority":"u=4"},"query":{"include":"count.active_members,count.posts","limit":"50"}},"res":{"_headers":{"x-powered-by":"Express","content-version":"v5.130","vary":"Accept-Version, Accept-Encoding","cache-control":"no-cache, private, no-store, must-revalidate, max-stale=0, post-check=0, pre-check=0","content-type":"application/json; charset=utf-8","etag":"W/\"4e5-z455zUPkf2Hl+mS3EY6P/iG65EQ\"","content-encoding":"br"},"statusCode":200,"responseTime":"197ms"},"msg":"","time":"2025-11-04T01:40:24.787Z","v":0}
{"name":"Log","hostname":"7e6850fef784","pid":1,"level":30,"version":"5.130.5","req":{"meta":{"requestId":"5e27e024-c95f-4151-8396-ba9a0075059a","userId":"1"},"url":"/integrations/?include=api_keys%2Cwebhooks&limit=50","method":"GET","originalUrl":"/ghost/api/admin/integrations/?include=api_keys%2Cwebhooks&limit=50","params":{},"headers":{"host":"localhost:2368","user-agent":"Mozilla/5.0 (X11; Ubuntu; Linux x86_64; rv:144.0) Gecko/20100101 Firefox/144.0","accept":"*/*","accept-encoding":"gzip, deflate, br, zstd","referer":"http://localhost:2368/ghost/","app-pragma":"no-cache","x-ghost-version":"5.130","dnt":"1","connection":"keep-alive","cookie":"**REDACTED**","sec-fetch-dest":"empty","sec-fetch-mode":"cors","sec-fetch-site":"same-origin","sec-gpc":"1","priority":"u=4"},"query":{"include":"api_keys,webhooks","limit":"50"}},"res":{"_headers":{"x-powered-by":"Express","content-version":"v5.130","vary":"Accept-Version, Accept-Encoding","cache-control":"no-cache, private, no-store, must-revalidate, max-stale=0, post-check=0, pre-check=0","content-type":"application/json; charset=utf-8","etag":"W/\"a43-4wL0v9wzOHUogmlXDQmo9bg7jYs\"","content-encoding":"br"},"statusCode":200,"responseTime":"223ms"},"msg":"","time":"2025-11-04T01:40:24.816Z","v":0}
{"name":"Log","hostname":"7e6850fef784","pid":1,"level":30,"version":"5.130.5","req":{"meta":{"requestId":"ede4213f-52de-424b-8cb0-9a299a61d238","userId":"1"},"url":"/custom_theme_settings/","method":"GET","originalUrl":"/ghost/api/admin/custom_theme_settings/","params":{},"headers":{"host":"localhost:2368","user-agent":"Mozilla/5.0 (X11; Ubuntu; Linux x86_64; rv:144.0) Gecko/20100101 Firefox/144.0","accept":"*/*","accept-encoding":"gzip, deflate, br, zstd","referer":"http://localhost:2368/ghost/","app-pragma":"no-cache","x-ghost-version":"5.130","dnt":"1","connection":"keep-alive","cookie":"**REDACTED**","sec-fetch-dest":"empty","sec-fetch-mode":"cors","sec-fetch-site":"same-origin","sec-gpc":"1","priority":"u=4"},"query":{}},"res":{"_headers":{"x-powered-by":"Express","content-version":"v5.130","vary":"Accept-Version, Accept-Encoding","cache-control":"no-cache, private, no-store, must-revalidate, max-stale=0, post-check=0, pre-check=0","content-type":"application/json; charset=utf-8","etag":"W/\"c7f-d90hIuUDp8s+CS0LqJe5GDLSQyA\"","content-encoding":"br"},"statusCode":200,"responseTime":"166ms"},"msg":"","time":"2025-11-04T01:40:24.819Z","v":0}
{"name":"Log","hostname":"7e6850fef784","pid":1,"level":30,"version":"5.130.5","req":{"meta":{"requestId":"50dde06b-d38b-4b54-bf0a-c90b4ab1d30f","userId":"1"},"url":"/posts/?filter=status%3Apublished&order=published_at+DESC&limit=1&fields=id%2Curl","method":"GET","originalUrl":"/ghost/api/admin/posts/?filter=status%3Apublished&order=published_at+DESC&limit=1&fields=id%2Curl","params":{},"headers":{"host":"localhost:2368","user-agent":"Mozilla/5.0 (X11; Ubuntu; Linux x86_64; rv:144.0) Gecko/20100101 Firefox/144.0","accept":"*/*","accept-encoding":"gzip, deflate, br, zstd","referer":"http://localhost:2368/ghost/","app-pragma":"no-cache","x-ghost-version":"5.130","dnt":"1","connection":"keep-alive","cookie":"**REDACTED**","sec-fetch-dest":"empty","sec-fetch-mode":"cors","sec-fetch-site":"same-origin","sec-gpc":"1","priority":"u=4"},"query":{"filter":"status:published","order":"published_at DESC","limit":"1","fields":"id,url"}},"res":{"_headers":{"x-powered-by":"Express","content-version":"v5.130","vary":"Accept-Version, Accept-Encoding","cache-control":"no-cache, private, no-store, must-revalidate, max-stale=0, post-check=0, pre-check=0","content-type":"application/json; charset=utf-8","content-length":"175","etag":"W/\"af-rEn0qdA1yrSpLVM9OZq9T7/XdtE\""},"statusCode":200,"responseTime":"177ms"},"msg":"","time":"2025-11-04T01:40:24.829Z","v":0}
{"name":"Log","hostname":"7e6850fef784","pid":1,"level":30,"version":"5.130.5","req":{"meta":{"requestId":"0c639de8-8237-47df-ab5a-435eee50ef14","userId":null},"url":"/","method":"POST","originalUrl":"/","params":{},"headers":{"host":"localhost:2368","user-agent":"Mozilla/5.0 (X11; Ubuntu; Linux x86_64; rv:144.0) Gecko/20100101 Firefox/144.0","accept":"text/plain","accept-encoding":"gzip, deflate, br, zstd","referer":"http://localhost:2368/ghost/","content-type":"text/html;charset=utf-8","x-ghost-preview":"c=%23FF1A75&d=Thoughts%2C+stories+and+ideas.&icon=&logo=&cover=https%3A%2F%2Fstatic.ghost.org%2Fv5.0.0%2Fimages%2Fpublication-cover.jpg&bf=&hf=&custom=%7B%22navigation_layout%22%3A%22Logo+in+the+middle%22%2C%22site_background_color%22%3A%22%23ffffff%22%2C%22header_and_footer_color%22%3A%22Background+color%22%2C%22title_font%22%3A%22Modern+sans-serif%22%2C%22body_font%22%3A%22Modern+sans-serif%22%2C%22signup_heading%22%3Anull%2C%22signup_subheading%22%3Anull%2C%22header_style%22%3A%22Landing%22%2C%22header_text%22%3Anull%2C%22background_image%22%3Atrue%2C%22show_featured_posts%22%3Anull%2C%22post_feed_style%22%3A%22List%22%2C%22show_images_in_feed%22%3Atrue%2C%22show_author%22%3Atrue%2C%22show_publish_date%22%3Atrue%2C%22show_publication_info_sidebar%22%3Afalse%2C%22show_post_metadata%22%3Atrue%2C%22enable_drop_caps_on_posts%22%3Afalse%2C%22show_related_articles%22%3Atrue%7D","origin":"http://localhost:2368","dnt":"1","connection":"keep-alive","sec-fetch-dest":"empty","sec-fetch-mode":"cors","sec-fetch-site":"same-origin","sec-gpc":"1","priority":"u=4","content-length":"0"},"query":{}},"res":{"_headers":{"x-powered-by":"Express","access-control-allow-origin":"http://localhost:2368","vary":"Origin, Accept-Encoding","access-control-allow-credentials":"true","cache-control":"public, max-age=0","content-type":"text/html; charset=utf-8","etag":"W/\"442b-2+VF4ykj2fdPfBdRHSwKvIKgCw8\"","content-encoding":"br"},"statusCode":200,"responseTime":"145ms"},"msg":"","time":"2025-11-04T01:40:25.012Z","v":0}
{"name":"Log","hostname":"7e6850fef784","pid":1,"level":30,"version":"5.130.5","req":{"meta":{"requestId":"6c75756c-59de-4f97-b7f1-db9f33c655fb","userId":null},"url":"/assets/built/screen.css?v=760833d005","method":"GET","originalUrl":"/assets/built/screen.css?v=760833d005","params":{},"headers":{"host":"localhost:2368","user-agent":"Mozilla/5.0 (X11; Ubuntu; Linux x86_64; rv:144.0) Gecko/20100101 Firefox/144.0","accept":"text/css,*/*;q=0.1","accept-encoding":"gzip, deflate, br, zstd","dnt":"1","connection":"keep-alive","referer":"http://localhost:2368/ghost/","sec-fetch-dest":"style","sec-fetch-mode":"no-cors","sec-fetch-site":"same-origin","sec-gpc":"1","priority":"u=0"},"query":{"v":"760833d005"}},"res":{"_headers":{"x-powered-by":"Express","accept-ranges":"bytes","cache-control":"public, max-age=0","last-modified":"Sat, 26 Oct 1985 08:15:00 GMT","etag":"W/\"d1bb-7438674ba0\"","content-type":"text/css; charset=UTF-8","vary":"Accept-Encoding","content-encoding":"br"},"statusCode":200,"responseTime":"6ms"},"msg":"","time":"2025-11-04T01:40:25.049Z","v":0}
{"name":"Log","hostname":"7e6850fef784","pid":1,"level":30,"version":"5.130.5","req":{"meta":{"requestId":"1608aba4-b67e-4e39-8586-45587cc81afd","userId":null},"url":"/assets/fonts/inter-roman.woff2?v=760833d005","method":"GET","originalUrl":"/assets/fonts/inter-roman.woff2?v=760833d005","params":{},"headers":{"host":"localhost:2368","user-agent":"Mozilla/5.0 (X11; Ubuntu; Linux x86_64; rv:144.0) Gecko/20100101 Firefox/144.0","accept":"application/font-woff2;q=1.0,application/font-woff;q=0.9,*/*;q=0.8","accept-encoding":"gzip, deflate, br, zstd","referer":"http://localhost:2368/ghost/","dnt":"1","connection":"keep-alive","sec-fetch-dest":"font","sec-fetch-mode":"cors","sec-fetch-site":"same-origin","sec-gpc":"1","priority":"u=2"},"query":{"v":"760833d005"}},"res":{"_headers":{"x-powered-by":"Express","accept-ranges":"bytes","cache-control":"public, max-age=0","last-modified":"Sat, 26 Oct 1985 08:15:00 GMT","etag":"W/\"9394-7438674ba0\"","content-type":"font/woff2","content-length":37780},"statusCode":200,"responseTime":"8ms"},"msg":"","time":"2025-11-04T01:40:25.066Z","v":0}
{"name":"Log","hostname":"7e6850fef784","pid":1,"level":30,"version":"5.130.5","req":{"meta":{"requestId":"a543371d-be46-4448-b4d6-a4fcb7b82ca4","userId":null},"url":"/assets/built/source.js?v=760833d005","method":"GET","originalUrl":"/assets/built/source.js?v=760833d005","params":{},"headers":{"host":"localhost:2368","user-agent":"Mozilla/5.0 (X11; Ubuntu; Linux x86_64; rv:144.0) Gecko/20100101 Firefox/144.0","accept":"*/*","accept-encoding":"gzip, deflate, br, zstd","dnt":"1","connection":"keep-alive","referer":"http://localhost:2368/ghost/","sec-fetch-dest":"script","sec-fetch-mode":"no-cors","sec-fetch-site":"same-origin","sec-gpc":"1","priority":"u=1"},"query":{"v":"760833d005"}},"res":{"_headers":{"x-powered-by":"Express","accept-ranges":"bytes","cache-control":"public, max-age=0","last-modified":"Sat, 26 Oct 1985 08:15:00 GMT","etag":"W/\"cde1-7438674ba0\"","content-type":"application/javascript; charset=UTF-8","vary":"Accept-Encoding","content-encoding":"br"},"statusCode":200,"responseTime":"21ms"},"msg":"","time":"2025-11-04T01:40:25.077Z","v":0}
{"name":"Log","hostname":"7e6850fef784","pid":1,"level":30,"version":"5.130.5","req":{"meta":{"requestId":"c3b1f90a-1776-4df0-b2bf-2211f5151a56","userId":null},"url":"/public/cards.min.js?v=760833d005","method":"GET","originalUrl":"/public/cards.min.js?v=760833d005","params":{},"headers":{"host":"localhost:2368","user-agent":"Mozilla/5.0 (X11; Ubuntu; Linux x86_64; rv:144.0) Gecko/20100101 Firefox/144.0","accept":"*/*","accept-encoding":"gzip, deflate, br, zstd","referer":"http://localhost:2368/ghost/","dnt":"1","connection":"keep-alive","sec-fetch-dest":"script","sec-fetch-mode":"no-cors","sec-fetch-site":"same-origin","sec-gpc":"1"},"query":{"v":"760833d005"}},"res":{"_headers":{"x-powered-by":"Express","content-type":"application/javascript","etag":"\"91fcf6fd1c2761b582cda90883e5ff94\"","cache-control":"public, max-age=31536000","vary":"Accept-Encoding","content-encoding":"br"},"statusCode":200,"responseTime":"18ms"},"msg":"","time":"2025-11-04T01:40:25.079Z","v":0}
{"name":"Log","hostname":"7e6850fef784","pid":1,"level":30,"version":"5.130.5","req":{"meta":{"requestId":"b15baeab-14fe-492a-9fc7-5f912ff0ee7b","userId":null},"url":"/public/cards.min.css?v=760833d005","method":"GET","originalUrl":"/public/cards.min.css?v=760833d005","params":{},"headers":{"host":"localhost:2368","user-agent":"Mozilla/5.0 (X11; Ubuntu; Linux x86_64; rv:144.0) Gecko/20100101 Firefox/144.0","accept":"text/css,*/*;q=0.1","accept-encoding":"gzip, deflate, br, zstd","referer":"http://localhost:2368/ghost/","dnt":"1","connection":"keep-alive","sec-fetch-dest":"style","sec-fetch-mode":"no-cors","sec-fetch-site":"same-origin","sec-gpc":"1","priority":"u=2"},"query":{"v":"760833d005"}},"res":{"_headers":{"x-powered-by":"Express","content-type":"text/css","etag":"\"6fe5b518756bc881d62cdd6d11432637\"","cache-control":"public, max-age=31536000","vary":"Accept-Encoding","content-encoding":"br"},"statusCode":200,"responseTime":"19ms"},"msg":"","time":"2025-11-04T01:40:25.080Z","v":0}
{"name":"Log","hostname":"7e6850fef784","pid":1,"level":30,"version":"5.130.5","req":{"meta":{"requestId":"b6405368-6dda-4c81-bea4-ed508360e120","userId":null},"url":"/public/member-attribution.min.js?v=760833d005","method":"GET","originalUrl":"/public/member-attribution.min.js?v=760833d005","params":{},"headers":{"host":"localhost:2368","user-agent":"Mozilla/5.0 (X11; Ubuntu; Linux x86_64; rv:144.0) Gecko/20100101 Firefox/144.0","accept":"*/*","accept-encoding":"gzip, deflate, br, zstd","referer":"http://localhost:2368/ghost/","dnt":"1","connection":"keep-alive","sec-fetch-dest":"script","sec-fetch-mode":"no-cors","sec-fetch-site":"same-origin","sec-gpc":"1"},"query":{"v":"760833d005"}},"res":{"_headers":{"x-powered-by":"Express","content-type":"application/javascript","etag":"\"90a301fc8a68d077ca64866820fab358\"","cache-control":"public, max-age=31536000","vary":"Accept-Encoding","content-encoding":"br"},"statusCode":200,"responseTime":"16ms"},"msg":"","time":"2025-11-04T01:40:25.086Z","v":0}
{"name":"Log","hostname":"7e6850fef784","pid":1,"level":30,"version":"5.130.5","req":{"meta":{"requestId":"be8d5c59-b042-4201-9b5a-f0960b22c2a7","userId":null},"url":"/api/member/","method":"GET","originalUrl":"/members/api/member/","params":{},"headers":{"host":"localhost:2368","user-agent":"Mozilla/5.0 (X11; Ubuntu; Linux x86_64; rv:144.0) Gecko/20100101 Firefox/144.0","accept":"*/*","accept-encoding":"gzip, deflate, br, zstd","referer":"http://localhost:2368/ghost/","dnt":"1","connection":"keep-alive","sec-fetch-dest":"empty","sec-fetch-mode":"cors","sec-fetch-site":"same-origin","sec-gpc":"1","priority":"u=4"},"query":{}},"res":{"_headers":{"x-powered-by":"Express","cache-control":"no-cache, private, no-store, must-revalidate, max-stale=0, post-check=0, pre-check=0","access-control-allow-origin":"*"},"statusCode":204,"responseTime":"4ms"},"msg":"","time":"2025-11-04T01:40:25.446Z","v":0}
{"name":"Log","hostname":"7e6850fef784","pid":1,"level":30,"version":"5.130.5","req":{"meta":{"requestId":"c2f4ae53-265f-420d-a059-1541470a9a70","userId":null},"url":"/tiers/?limit=100&include=monthly_price%2Cyearly_price%2Cbenefits&key=75f62e196c42cff3accfa04350","method":"GET","originalUrl":"/ghost/api/content/tiers/?limit=100&include=monthly_price%2Cyearly_price%2Cbenefits&key=75f62e196c42cff3accfa04350","params":{},"headers":{"host":"localhost:2368","user-agent":"Mozilla/5.0 (X11; Ubuntu; Linux x86_64; rv:144.0) Gecko/20100101 Firefox/144.0","accept":"*/*","accept-encoding":"gzip, deflate, br, zstd","referer":"http://localhost:2368/ghost/","content-type":"application/json","dnt":"1","connection":"keep-alive","cookie":"**REDACTED**","sec-fetch-dest":"empty","sec-fetch-mode":"cors","sec-fetch-site":"same-origin","sec-gpc":"1","priority":"u=4"},"query":{"limit":"100","include":"monthly_price,yearly_price,benefits","key":"**REDACTED**"}},"res":{"_headers":{"x-powered-by":"Express","content-version":"v5.130","vary":"Accept-Version, Accept-Encoding","cache-control":"public, max-age=0","access-control-allow-origin":"*","content-type":"application/json; charset=utf-8","content-length":"701","etag":"W/\"2bd-TrcQ1w5lmj7essGSvTD+rzkRZOY\""},"statusCode":200,"responseTime":"13ms"},"msg":"","time":"2025-11-04T01:40:25.479Z","v":0}
{"name":"Log","hostname":"7e6850fef784","pid":1,"level":30,"version":"5.130.5","req":{"meta":{"requestId":"a60d9a01-ba46-4df2-9746-d1470c979fbb","userId":null},"url":"/settings/?key=75f62e196c42cff3accfa04350","method":"GET","originalUrl":"/ghost/api/content/settings/?key=75f62e196c42cff3accfa04350","params":{},"headers":{"host":"localhost:2368","user-agent":"Mozilla/5.0 (X11; Ubuntu; Linux x86_64; rv:144.0) Gecko/20100101 Firefox/144.0","accept":"*/*","accept-encoding":"gzip, deflate, br, zstd","referer":"http://localhost:2368/ghost/","content-type":"application/json","dnt":"1","connection":"keep-alive","cookie":"**REDACTED**","sec-fetch-dest":"empty","sec-fetch-mode":"cors","sec-fetch-site":"same-origin","sec-gpc":"1","priority":"u=4"},"query":{"key":"**REDACTED**"}},"res":{"_headers":{"x-powered-by":"Express","content-version":"v5.130","vary":"Accept-Version, Accept-Encoding","cache-control":"public, max-age=0","access-control-allow-origin":"*","content-type":"application/json; charset=utf-8","etag":"W/\"5ce-Z81Y77QHOdHn8zbbhBbssJ9yWuI\"","content-encoding":"br"},"statusCode":200,"responseTime":"24ms"},"msg":"","time":"2025-11-04T01:40:25.482Z","v":0}
{"name":"Log","hostname":"7e6850fef784","pid":1,"level":30,"version":"5.130.5","req":{"meta":{"requestId":"f7accd2c-3719-4fc7-a92e-ba0703a928b8","userId":null},"url":"/newsletters/?limit=100&key=75f62e196c42cff3accfa04350","method":"GET","originalUrl":"/ghost/api/content/newsletters/?limit=100&key=75f62e196c42cff3accfa04350","params":{},"headers":{"host":"localhost:2368","user-agent":"Mozilla/5.0 (X11; Ubuntu; Linux x86_64; rv:144.0) Gecko/20100101 Firefox/144.0","accept":"*/*","accept-encoding":"gzip, deflate, br, zstd","referer":"http://localhost:2368/ghost/","content-type":"application/json","dnt":"1","connection":"keep-alive","cookie":"**REDACTED**","sec-fetch-dest":"empty","sec-fetch-mode":"cors","sec-fetch-site":"same-origin","sec-gpc":"1","priority":"u=4"},"query":{"limit":"100","key":"**REDACTED**"}},"res":{"_headers":{"x-powered-by":"Express","content-version":"v5.130","vary":"Accept-Version, Accept-Encoding","cache-control":"public, max-age=0","access-control-allow-origin":"*","content-type":"application/json; charset=utf-8","content-length":"419","etag":"W/\"1a3-TCJOMJ6h7NNW10xbrIZZfA/9gTE\""},"statusCode":200,"responseTime":"17ms"},"msg":"","time":"2025-11-04T01:40:25.485Z","v":0}
{"name":"Log","hostname":"7e6850fef784","pid":1,"level":30,"version":"5.130.5","req":{"meta":{"requestId":"82f87390-e706-4086-88e8-5970f95565d1","userId":"1"},"url":"/themes/active/","method":"GET","originalUrl":"/ghost/api/admin/themes/active/","params":{},"headers":{"host":"localhost:2368","user-agent":"Mozilla/5.0 (X11; Ubuntu; Linux x86_64; rv:144.0) Gecko/20100101 Firefox/144.0","accept":"*/*","accept-encoding":"gzip, deflate, br, zstd","referer":"http://localhost:2368/ghost/","app-pragma":"no-cache","x-ghost-version":"5.130","dnt":"1","connection":"keep-alive","cookie":"**REDACTED**","sec-fetch-dest":"empty","sec-fetch-mode":"cors","sec-fetch-site":"same-origin","sec-gpc":"1","priority":"u=0"},"query":{}},"res":{"_headers":{"x-powered-by":"Express","content-version":"v5.130","vary":"Accept-Version, Accept-Encoding","cache-control":"no-cache, private, no-store, must-revalidate, max-stale=0, post-check=0, pre-check=0","content-type":"application/json; charset=utf-8","etag":"W/\"e93-rJ65zfyElQqbqi/vH2pWLKGkojE\"","content-encoding":"br"},"statusCode":200,"responseTime":"29ms"},"msg":"","time":"2025-11-04T01:40:48.436Z","v":0}
{"name":"Log","hostname":"7e6850fef784","pid":1,"level":30,"version":"5.130.5","req":{"meta":{"requestId":"35e1c043-e8f2-4140-8cff-d419463bc45b","userId":null},"url":"/","method":"POST","originalUrl":"/","params":{},"headers":{"host":"localhost:2368","user-agent":"Mozilla/5.0 (X11; Ubuntu; Linux x86_64; rv:144.0) Gecko/20100101 Firefox/144.0","accept":"text/plain","accept-encoding":"gzip, deflate, br, zstd","referer":"http://localhost:2368/ghost/","content-type":"text/html;charset=utf-8","x-ghost-preview":"c=%23FF1A75&d=Thoughts%2C+stories+and+ideas.&icon=&logo=&cover=https%3A%2F%2Fstatic.ghost.org%2Fv5.0.0%2Fimages%2Fpublication-cover.jpg&bf=&hf=&custom=%7B%22navigation_layout%22%3A%22Stacked%22%2C%22site_background_color%22%3A%22%23ffffff%22%2C%22header_and_footer_color%22%3A%22Background+color%22%2C%22title_font%22%3A%22Modern+sans-serif%22%2C%22body_font%22%3A%22Modern+sans-serif%22%2C%22signup_heading%22%3Anull%2C%22signup_subheading%22%3Anull%2C%22header_style%22%3A%22Landing%22%2C%22header_text%22%3Anull%2C%22background_image%22%3Atrue%2C%22show_featured_posts%22%3Anull%2C%22post_feed_style%22%3A%22List%22%2C%22show_images_in_feed%22%3Atrue%2C%22show_author%22%3Atrue%2C%22show_publish_date%22%3Atrue%2C%22show_publication_info_sidebar%22%3Afalse%2C%22show_post_metadata%22%3Atrue%2C%22enable_drop_caps_on_posts%22%3Afalse%2C%22show_related_articles%22%3Atrue%7D","origin":"http://localhost:2368","dnt":"1","connection":"keep-alive","sec-fetch-dest":"empty","sec-fetch-mode":"cors","sec-fetch-site":"same-origin","sec-gpc":"1","priority":"u=0","content-length":"0"},"query":{}},"res":{"_headers":{"x-powered-by":"Express","access-control-allow-origin":"http://localhost:2368","vary":"Origin, Accept-Encoding","access-control-allow-credentials":"true","cache-control":"public, max-age=0","content-type":"text/html; charset=utf-8","etag":"W/\"4427-DpUldM65Xd4OJJCu+HZ1NCdZhM0\"","content-encoding":"br"},"statusCode":200,"responseTime":"86ms"},"msg":"","time":"2025-11-04T01:40:52.816Z","v":0}
{"name":"Log","hostname":"7e6850fef784","pid":1,"level":30,"version":"5.130.5","req":{"meta":{"requestId":"5d1aa7d2-abfd-498a-bac5-e6f2bc4b454c","userId":null},"url":"/assets/built/screen.css?v=760833d005","method":"GET","originalUrl":"/assets/built/screen.css?v=760833d005","params":{},"headers":{"host":"localhost:2368","user-agent":"Mozilla/5.0 (X11; Ubuntu; Linux x86_64; rv:144.0) Gecko/20100101 Firefox/144.0","accept":"text/css,*/*;q=0.1","accept-encoding":"gzip, deflate, br, zstd","dnt":"1","connection":"keep-alive","referer":"http://localhost:2368/ghost/","sec-fetch-dest":"style","sec-fetch-mode":"no-cors","sec-fetch-site":"same-origin","sec-gpc":"1","if-modified-since":"Sat, 26 Oct 1985 08:15:00 GMT","if-none-match":"W/\"d1bb-7438674ba0\"","priority":"u=0"},"query":{"v":"760833d005"}},"res":{"_headers":{"x-powered-by":"Express","accept-ranges":"bytes","cache-control":"public, max-age=0","last-modified":"Sat, 26 Oct 1985 08:15:00 GMT","etag":"W/\"d1bb-7438674ba0\""},"statusCode":304,"responseTime":"2ms"},"msg":"","time":"2025-11-04T01:40:52.842Z","v":0}
{"name":"Log","hostname":"7e6850fef784","pid":1,"level":30,"version":"5.130.5","req":{"meta":{"requestId":"89fe0851-3d8e-47a7-a248-a0a6f3c3620f","userId":null},"url":"/assets/built/source.js?v=760833d005","method":"GET","originalUrl":"/assets/built/source.js?v=760833d005","params":{},"headers":{"host":"localhost:2368","user-agent":"Mozilla/5.0 (X11; Ubuntu; Linux x86_64; rv:144.0) Gecko/20100101 Firefox/144.0","accept":"*/*","accept-encoding":"gzip, deflate, br, zstd","dnt":"1","connection":"keep-alive","referer":"http://localhost:2368/ghost/","sec-fetch-dest":"script","sec-fetch-mode":"no-cors","sec-fetch-site":"same-origin","sec-gpc":"1","if-modified-since":"Sat, 26 Oct 1985 08:15:00 GMT","if-none-match":"W/\"cde1-7438674ba0\"","priority":"u=1"},"query":{"v":"760833d005"}},"res":{"_headers":{"x-powered-by":"Express","accept-ranges":"bytes","cache-control":"public, max-age=0","last-modified":"Sat, 26 Oct 1985 08:15:00 GMT","etag":"W/\"cde1-7438674ba0\""},"statusCode":304,"responseTime":"4ms"},"msg":"","time":"2025-11-04T01:40:52.845Z","v":0}
{"name":"Log","hostname":"7e6850fef784","pid":1,"level":30,"version":"5.130.5","req":{"meta":{"requestId":"2f8d67eb-4878-445e-acef-735997281125","userId":null},"url":"/assets/fonts/inter-roman.woff2?v=760833d005","method":"GET","originalUrl":"/assets/fonts/inter-roman.woff2?v=760833d005","params":{},"headers":{"host":"localhost:2368","user-agent":"Mozilla/5.0 (X11; Ubuntu; Linux x86_64; rv:144.0) Gecko/20100101 Firefox/144.0","accept":"application/font-woff2;q=1.0,application/font-woff;q=0.9,*/*;q=0.8","accept-encoding":"gzip, deflate, br, zstd","referer":"http://localhost:2368/ghost/","dnt":"1","connection":"keep-alive","sec-fetch-dest":"font","sec-fetch-mode":"cors","sec-fetch-site":"same-origin","sec-gpc":"1","if-modified-since":"Sat, 26 Oct 1985 08:15:00 GMT","if-none-match":"W/\"9394-7438674ba0\"","priority":"u=2"},"query":{"v":"760833d005"}},"res":{"_headers":{"x-powered-by":"Express","accept-ranges":"bytes","cache-control":"public, max-age=0","last-modified":"Sat, 26 Oct 1985 08:15:00 GMT","etag":"W/\"9394-7438674ba0\""},"statusCode":304,"responseTime":"3ms"},"msg":"","time":"2025-11-04T01:40:52.846Z","v":0}
{"name":"Log","hostname":"7e6850fef784","pid":1,"level":30,"version":"5.130.5","req":{"meta":{"requestId":"e067f719-ea3a-4520-8081-42df24dcfdff","userId":null},"url":"/api/member/","method":"GET","originalUrl":"/members/api/member/","params":{},"headers":{"host":"localhost:2368","user-agent":"Mozilla/5.0 (X11; Ubuntu; Linux x86_64; rv:144.0) Gecko/20100101 Firefox/144.0","accept":"*/*","accept-encoding":"gzip, deflate, br, zstd","referer":"http://localhost:2368/ghost/","dnt":"1","connection":"keep-alive","sec-fetch-dest":"empty","sec-fetch-mode":"cors","sec-fetch-site":"same-origin","sec-gpc":"1","priority":"u=4"},"query":{}},"res":{"_headers":{"x-powered-by":"Express","cache-control":"no-cache, private, no-store, must-revalidate, max-stale=0, post-check=0, pre-check=0","access-control-allow-origin":"*"},"statusCode":204,"responseTime":"1ms"},"msg":"","time":"2025-11-04T01:40:52.921Z","v":0}
{"name":"Log","hostname":"7e6850fef784","pid":1,"level":30,"version":"5.130.5","req":{"meta":{"requestId":"4daadd87-3f68-4c95-9d05-8bbea10efe59","userId":null},"url":"/settings/?key=75f62e196c42cff3accfa04350","method":"GET","originalUrl":"/ghost/api/content/settings/?key=75f62e196c42cff3accfa04350","params":{},"headers":{"host":"localhost:2368","user-agent":"Mozilla/5.0 (X11; Ubuntu; Linux x86_64; rv:144.0) Gecko/20100101 Firefox/144.0","accept":"*/*","accept-encoding":"gzip, deflate, br, zstd","referer":"http://localhost:2368/ghost/","content-type":"application/json","dnt":"1","connection":"keep-alive","cookie":"**REDACTED**","sec-fetch-dest":"empty","sec-fetch-mode":"cors","sec-fetch-site":"same-origin","sec-gpc":"1","if-none-match":"W/\"5ce-Z81Y77QHOdHn8zbbhBbssJ9yWuI\"","priority":"u=4"},"query":{"key":"**REDACTED**"}},"res":{"_headers":{"x-powered-by":"Express","content-version":"v5.130","vary":"Accept-Version","cache-control":"public, max-age=0","access-control-allow-origin":"*","etag":"W/\"5ce-Z81Y77QHOdHn8zbbhBbssJ9yWuI\""},"statusCode":304,"responseTime":"10ms"},"msg":"","time":"2025-11-04T01:40:52.943Z","v":0}
{"name":"Log","hostname":"7e6850fef784","pid":1,"level":30,"version":"5.130.5","req":{"meta":{"requestId":"2ac925a2-733c-4186-a38d-2bbaf40f12a8","userId":null},"url":"/tiers/?limit=100&include=monthly_price%2Cyearly_price%2Cbenefits&key=75f62e196c42cff3accfa04350","method":"GET","originalUrl":"/ghost/api/content/tiers/?limit=100&include=monthly_price%2Cyearly_price%2Cbenefits&key=75f62e196c42cff3accfa04350","params":{},"headers":{"host":"localhost:2368","user-agent":"Mozilla/5.0 (X11; Ubuntu; Linux x86_64; rv:144.0) Gecko/20100101 Firefox/144.0","accept":"*/*","accept-encoding":"gzip, deflate, br, zstd","referer":"http://localhost:2368/ghost/","content-type":"application/json","dnt":"1","connection":"keep-alive","cookie":"**REDACTED**","sec-fetch-dest":"empty","sec-fetch-mode":"cors","sec-fetch-site":"same-origin","sec-gpc":"1","if-none-match":"W/\"2bd-TrcQ1w5lmj7essGSvTD+rzkRZOY\"","priority":"u=4"},"query":{"limit":"100","include":"monthly_price,yearly_price,benefits","key":"**REDACTED**"}},"res":{"_headers":{"x-powered-by":"Express","content-version":"v5.130","vary":"Accept-Version","cache-control":"public, max-age=0","access-control-allow-origin":"*","etag":"W/\"2bd-TrcQ1w5lmj7essGSvTD+rzkRZOY\""},"statusCode":304,"responseTime":"13ms"},"msg":"","time":"2025-11-04T01:40:52.950Z","v":0}
{"name":"Log","hostname":"7e6850fef784","pid":1,"level":30,"version":"5.130.5","req":{"meta":{"requestId":"983e8ad8-53fe-4e29-aade-75dbe0a12ca2","userId":null},"url":"/newsletters/?limit=100&key=75f62e196c42cff3accfa04350","method":"GET","originalUrl":"/ghost/api/content/newsletters/?limit=100&key=75f62e196c42cff3accfa04350","params":{},"headers":{"host":"localhost:2368","user-agent":"Mozilla/5.0 (X11; Ubuntu; Linux x86_64; rv:144.0) Gecko/20100101 Firefox/144.0","accept":"*/*","accept-encoding":"gzip, deflate, br, zstd","referer":"http://localhost:2368/ghost/","content-type":"application/json","dnt":"1","connection":"keep-alive","cookie":"**REDACTED**","sec-fetch-dest":"empty","sec-fetch-mode":"cors","sec-fetch-site":"same-origin","sec-gpc":"1","if-none-match":"W/\"1a3-TCJOMJ6h7NNW10xbrIZZfA/9gTE\"","priority":"u=4"},"query":{"limit":"100","key":"**REDACTED**"}},"res":{"_headers":{"x-powered-by":"Express","content-version":"v5.130","vary":"Accept-Version","cache-control":"public, max-age=0","access-control-allow-origin":"*","etag":"W/\"1a3-TCJOMJ6h7NNW10xbrIZZfA/9gTE\""},"statusCode":304,"responseTime":"18ms"},"msg":"","time":"2025-11-04T01:40:52.957Z","v":0}
{"name":"Log","hostname":"7e6850fef784","pid":1,"level":30,"version":"5.130.5","req":{"meta":{"requestId":"85f08746-8f46-4ae4-82a2-51eb9eb8b90a","userId":null},"url":"/","method":"POST","originalUrl":"/","params":{},"headers":{"host":"localhost:2368","user-agent":"Mozilla/5.0 (X11; Ubuntu; Linux x86_64; rv:144.0) Gecko/20100101 Firefox/144.0","accept":"text/plain","accept-encoding":"gzip, deflate, br, zstd","referer":"http://localhost:2368/ghost/","content-type":"text/html;charset=utf-8","x-ghost-preview":"c=%23FF1A75&d=Thoughts%2C+stories+and+ideas.&icon=&logo=&cover=https%3A%2F%2Fstatic.ghost.org%2Fv5.0.0%2Fimages%2Fpublication-cover.jpg&bf=&hf=&custom=%7B%22navigation_layout%22%3A%22Stacked%22%2C%22site_background_color%22%3A%22%237e0303%22%2C%22header_and_footer_color%22%3A%22Background+color%22%2C%22title_font%22%3A%22Modern+sans-serif%22%2C%22body_font%22%3A%22Modern+sans-serif%22%2C%22signup_heading%22%3Anull%2C%22signup_subheading%22%3Anull%2C%22header_style%22%3A%22Landing%22%2C%22header_text%22%3Anull%2C%22background_image%22%3Atrue%2C%22show_featured_posts%22%3Anull%2C%22post_feed_style%22%3A%22List%22%2C%22show_images_in_feed%22%3Atrue%2C%22show_author%22%3Atrue%2C%22show_publish_date%22%3Atrue%2C%22show_publication_info_sidebar%22%3Afalse%2C%22show_post_metadata%22%3Atrue%2C%22enable_drop_caps_on_posts%22%3Afalse%2C%22show_related_articles%22%3Atrue%7D","origin":"http://localhost:2368","dnt":"1","connection":"keep-alive","sec-fetch-dest":"empty","sec-fetch-mode":"cors","sec-fetch-site":"same-origin","sec-gpc":"1","priority":"u=4","content-length":"0"},"query":{}},"res":{"_headers":{"x-powered-by":"Express","access-control-allow-origin":"http://localhost:2368","vary":"Origin, Accept-Encoding","access-control-allow-credentials":"true","cache-control":"public, max-age=0","content-type":"text/html; charset=utf-8","etag":"W/\"4427-ETxrSFVV2kLV4JADQEzXE3JdfFs\"","content-encoding":"br"},"statusCode":200,"responseTime":"58ms"},"msg":"","time":"2025-11-04T01:41:08.706Z","v":0}
{"name":"Log","hostname":"7e6850fef784","pid":1,"level":30,"version":"5.130.5","req":{"meta":{"requestId":"eece3f39-0f4a-4582-9512-7f3bac46382f","userId":null},"url":"/assets/built/source.js?v=760833d005","method":"GET","originalUrl":"/assets/built/source.js?v=760833d005","params":{},"headers":{"host":"localhost:2368","user-agent":"Mozilla/5.0 (X11; Ubuntu; Linux x86_64; rv:144.0) Gecko/20100101 Firefox/144.0","accept":"*/*","accept-encoding":"gzip, deflate, br, zstd","dnt":"1","connection":"keep-alive","referer":"http://localhost:2368/ghost/","sec-fetch-dest":"script","sec-fetch-mode":"no-cors","sec-fetch-site":"same-origin","sec-gpc":"1","if-modified-since":"Sat, 26 Oct 1985 08:15:00 GMT","if-none-match":"W/\"cde1-7438674ba0\"","priority":"u=1"},"query":{"v":"760833d005"}},"res":{"_headers":{"x-powered-by":"Express","accept-ranges":"bytes","cache-control":"public, max-age=0","last-modified":"Sat, 26 Oct 1985 08:15:00 GMT","etag":"W/\"cde1-7438674ba0\""},"statusCode":304,"responseTime":"1ms"},"msg":"","time":"2025-11-04T01:41:08.733Z","v":0}
{"name":"Log","hostname":"7e6850fef784","pid":1,"level":30,"version":"5.130.5","req":{"meta":{"requestId":"945c631e-fbf1-429e-9270-16dda7d73dc9","userId":null},"url":"/assets/fonts/inter-roman.woff2?v=760833d005","method":"GET","originalUrl":"/assets/fonts/inter-roman.woff2?v=760833d005","params":{},"headers":{"host":"localhost:2368","user-agent":"Mozilla/5.0 (X11; Ubuntu; Linux x86_64; rv:144.0) Gecko/20100101 Firefox/144.0","accept":"application/font-woff2;q=1.0,application/font-woff;q=0.9,*/*;q=0.8","accept-encoding":"gzip, deflate, br, zstd","referer":"http://localhost:2368/ghost/","dnt":"1","connection":"keep-alive","sec-fetch-dest":"font","sec-fetch-mode":"cors","sec-fetch-site":"same-origin","sec-gpc":"1","if-modified-since":"Sat, 26 Oct 1985 08:15:00 GMT","if-none-match":"W/\"9394-7438674ba0\"","priority":"u=2"},"query":{"v":"760833d005"}},"res":{"_headers":{"x-powered-by":"Express","accept-ranges":"bytes","cache-control":"public, max-age=0","last-modified":"Sat, 26 Oct 1985 08:15:00 GMT","etag":"W/\"9394-7438674ba0\""},"statusCode":304,"responseTime":"1ms"},"msg":"","time":"2025-11-04T01:41:08.734Z","v":0}
{"name":"Log","hostname":"7e6850fef784","pid":1,"level":30,"version":"5.130.5","req":{"meta":{"requestId":"850fc1f6-5233-4ae5-8f7f-0595b88cc900","userId":null},"url":"/api/member/","method":"GET","originalUrl":"/members/api/member/","params":{},"headers":{"host":"localhost:2368","user-agent":"Mozilla/5.0 (X11; Ubuntu; Linux x86_64; rv:144.0) Gecko/20100101 Firefox/144.0","accept":"*/*","accept-encoding":"gzip, deflate, br, zstd","referer":"http://localhost:2368/ghost/","dnt":"1","connection":"keep-alive","sec-fetch-dest":"empty","sec-fetch-mode":"cors","sec-fetch-site":"same-origin","sec-gpc":"1","priority":"u=4"},"query":{}},"res":{"_headers":{"x-powered-by":"Express","cache-control":"no-cache, private, no-store, must-revalidate, max-stale=0, post-check=0, pre-check=0","access-control-allow-origin":"*"},"statusCode":204,"responseTime":"1ms"},"msg":"","time":"2025-11-04T01:41:08.798Z","v":0}
{"name":"Log","hostname":"7e6850fef784","pid":1,"level":30,"version":"5.130.5","req":{"meta":{"requestId":"fb118369-4953-41b0-853b-5cc8beb2b4f6","userId":null},"url":"/settings/?key=75f62e196c42cff3accfa04350","method":"GET","originalUrl":"/ghost/api/content/settings/?key=75f62e196c42cff3accfa04350","params":{},"headers":{"host":"localhost:2368","user-agent":"Mozilla/5.0 (X11; Ubuntu; Linux x86_64; rv:144.0) Gecko/20100101 Firefox/144.0","accept":"*/*","accept-encoding":"gzip, deflate, br, zstd","referer":"http://localhost:2368/ghost/","content-type":"application/json","dnt":"1","connection":"keep-alive","cookie":"**REDACTED**","sec-fetch-dest":"empty","sec-fetch-mode":"cors","sec-fetch-site":"same-origin","sec-gpc":"1","if-none-match":"W/\"5ce-Z81Y77QHOdHn8zbbhBbssJ9yWuI\"","priority":"u=4"},"query":{"key":"**REDACTED**"}},"res":{"_headers":{"x-powered-by":"Express","content-version":"v5.130","vary":"Accept-Version","cache-control":"public, max-age=0","access-control-allow-origin":"*","etag":"W/\"5ce-Z81Y77QHOdHn8zbbhBbssJ9yWuI\""},"statusCode":304,"responseTime":"12ms"},"msg":"","time":"2025-11-04T01:41:08.821Z","v":0}
{"name":"Log","hostname":"7e6850fef784","pid":1,"level":30,"version":"5.130.5","req":{"meta":{"requestId":"07db6ecb-1e04-42c6-b882-3bc6a894cc7a","userId":null},"url":"/tiers/?limit=100&include=monthly_price%2Cyearly_price%2Cbenefits&key=75f62e196c42cff3accfa04350","method":"GET","originalUrl":"/ghost/api/content/tiers/?limit=100&include=monthly_price%2Cyearly_price%2Cbenefits&key=75f62e196c42cff3accfa04350","params":{},"headers":{"host":"localhost:2368","user-agent":"Mozilla/5.0 (X11; Ubuntu; Linux x86_64; rv:144.0) Gecko/20100101 Firefox/144.0","accept":"*/*","accept-encoding":"gzip, deflate, br, zstd","referer":"http://localhost:2368/ghost/","content-type":"application/json","dnt":"1","connection":"keep-alive","cookie":"**REDACTED**","sec-fetch-dest":"empty","sec-fetch-mode":"cors","sec-fetch-site":"same-origin","sec-gpc":"1","if-none-match":"W/\"2bd-TrcQ1w5lmj7essGSvTD+rzkRZOY\"","priority":"u=4"},"query":{"limit":"100","include":"monthly_price,yearly_price,benefits","key":"**REDACTED**"}},"res":{"_headers":{"x-powered-by":"Express","content-version":"v5.130","vary":"Accept-Version","cache-control":"public, max-age=0","access-control-allow-origin":"*","etag":"W/\"2bd-TrcQ1w5lmj7essGSvTD+rzkRZOY\""},"statusCode":304,"responseTime":"14ms"},"msg":"","time":"2025-11-04T01:41:08.826Z","v":0}
{"name":"Log","hostname":"7e6850fef784","pid":1,"level":30,"version":"5.130.5","req":{"meta":{"requestId":"6651764a-512a-41ed-9b5c-6cac8a6a73a8","userId":null},"url":"/newsletters/?limit=100&key=75f62e196c42cff3accfa04350","method":"GET","originalUrl":"/ghost/api/content/newsletters/?limit=100&key=75f62e196c42cff3accfa04350","params":{},"headers":{"host":"localhost:2368","user-agent":"Mozilla/5.0 (X11; Ubuntu; Linux x86_64; rv:144.0) Gecko/20100101 Firefox/144.0","accept":"*/*","accept-encoding":"gzip, deflate, br, zstd","referer":"http://localhost:2368/ghost/","content-type":"application/json","dnt":"1","connection":"keep-alive","cookie":"**REDACTED**","sec-fetch-dest":"empty","sec-fetch-mode":"cors","sec-fetch-site":"same-origin","sec-gpc":"1","if-none-match":"W/\"1a3-TCJOMJ6h7NNW10xbrIZZfA/9gTE\"","priority":"u=4"},"query":{"limit":"100","key":"**REDACTED**"}},"res":{"_headers":{"x-powered-by":"Express","content-version":"v5.130","vary":"Accept-Version","cache-control":"public, max-age=0","access-control-allow-origin":"*","etag":"W/\"1a3-TCJOMJ6h7NNW10xbrIZZfA/9gTE\""},"statusCode":304,"responseTime":"16ms"},"msg":"","time":"2025-11-04T01:41:08.829Z","v":0}
{"name":"Log","hostname":"7e6850fef784","pid":1,"level":30,"version":"5.130.5","req":{"meta":{"requestId":"16fb4aac-8550-4f86-828a-e178312ed927","userId":null},"url":"/","method":"POST","originalUrl":"/","params":{},"headers":{"host":"localhost:2368","user-agent":"Mozilla/5.0 (X11; Ubuntu; Linux x86_64; rv:144.0) Gecko/20100101 Firefox/144.0","accept":"text/plain","accept-encoding":"gzip, deflate, br, zstd","referer":"http://localhost:2368/ghost/","content-type":"text/html;charset=utf-8","x-ghost-preview":"c=%23FF1A75&d=Thoughts%2C+stories+and+ideas.&icon=&logo=&cover=https%3A%2F%2Fstatic.ghost.org%2Fv5.0.0%2Fimages%2Fpublication-cover.jpg&bf=&hf=&custom=%7B%22navigation_layout%22%3A%22Stacked%22%2C%22site_background_color%22%3A%22%23ffffff%22%2C%22header_and_footer_color%22%3A%22Background+color%22%2C%22title_font%22%3A%22Modern+sans-serif%22%2C%22body_font%22%3A%22Modern+sans-serif%22%2C%22signup_heading%22%3Anull%2C%22signup_subheading%22%3Anull%2C%22header_style%22%3A%22Landing%22%2C%22header_text%22%3Anull%2C%22background_image%22%3Atrue%2C%22show_featured_posts%22%3Anull%2C%22post_feed_style%22%3A%22List%22%2C%22show_images_in_feed%22%3Atrue%2C%22show_author%22%3Atrue%2C%22show_publish_date%22%3Atrue%2C%22show_publication_info_sidebar%22%3Afalse%2C%22show_post_metadata%22%3Atrue%2C%22enable_drop_caps_on_posts%22%3Afalse%2C%22show_related_articles%22%3Atrue%7D","origin":"http://localhost:2368","dnt":"1","connection":"keep-alive","sec-fetch-dest":"empty","sec-fetch-mode":"cors","sec-fetch-site":"same-origin","sec-gpc":"1","priority":"u=4","content-length":"0"},"query":{}},"res":{"_headers":{"x-powered-by":"Express","access-control-allow-origin":"http://localhost:2368","vary":"Origin, Accept-Encoding","access-control-allow-credentials":"true","cache-control":"public, max-age=0","content-type":"text/html; charset=utf-8","etag":"W/\"4427-DpUldM65Xd4OJJCu+HZ1NCdZhM0\"","content-encoding":"br"},"statusCode":200,"responseTime":"52ms"},"msg":"","time":"2025-11-04T01:41:34.718Z","v":0}
{"name":"Log","hostname":"7e6850fef784","pid":1,"level":30,"version":"5.130.5","req":{"meta":{"requestId":"c556b182-adec-446c-879b-17b9d51586dd","userId":null},"url":"/assets/built/source.js?v=760833d005","method":"GET","originalUrl":"/assets/built/source.js?v=760833d005","params":{},"headers":{"host":"localhost:2368","user-agent":"Mozilla/5.0 (X11; Ubuntu; Linux x86_64; rv:144.0) Gecko/20100101 Firefox/144.0","accept":"*/*","accept-encoding":"gzip, deflate, br, zstd","dnt":"1","connection":"keep-alive","referer":"http://localhost:2368/ghost/","sec-fetch-dest":"script","sec-fetch-mode":"no-cors","sec-fetch-site":"same-origin","sec-gpc":"1","if-modified-since":"Sat, 26 Oct 1985 08:15:00 GMT","if-none-match":"W/\"cde1-7438674ba0\"","priority":"u=1"},"query":{"v":"760833d005"}},"res":{"_headers":{"x-powered-by":"Express","accept-ranges":"bytes","cache-control":"public, max-age=0","last-modified":"Sat, 26 Oct 1985 08:15:00 GMT","etag":"W/\"cde1-7438674ba0\""},"statusCode":304,"responseTime":"2ms"},"msg":"","time":"2025-11-04T01:41:34.746Z","v":0}
{"name":"Log","hostname":"7e6850fef784","pid":1,"level":30,"version":"5.130.5","req":{"meta":{"requestId":"8ada63ca-9df0-4e81-8ee9-dc814573f72e","userId":null},"url":"/api/member/","method":"GET","originalUrl":"/members/api/member/","params":{},"headers":{"host":"localhost:2368","user-agent":"Mozilla/5.0 (X11; Ubuntu; Linux x86_64; rv:144.0) Gecko/20100101 Firefox/144.0","accept":"*/*","accept-encoding":"gzip, deflate, br, zstd","referer":"http://localhost:2368/ghost/","dnt":"1","connection":"keep-alive","sec-fetch-dest":"empty","sec-fetch-mode":"cors","sec-fetch-site":"same-origin","sec-gpc":"1","priority":"u=4"},"query":{}},"res":{"_headers":{"x-powered-by":"Express","cache-control":"no-cache, private, no-store, must-revalidate, max-stale=0, post-check=0, pre-check=0","access-control-allow-origin":"*"},"statusCode":204,"responseTime":"1ms"},"msg":"","time":"2025-11-04T01:41:34.782Z","v":0}
{"name":"Log","hostname":"7e6850fef784","pid":1,"level":30,"version":"5.130.5","req":{"meta":{"requestId":"4101240b-f045-4595-ab97-b5e7add670d9","userId":null},"url":"/settings/?key=75f62e196c42cff3accfa04350","method":"GET","originalUrl":"/ghost/api/content/settings/?key=75f62e196c42cff3accfa04350","params":{},"headers":{"host":"localhost:2368","user-agent":"Mozilla/5.0 (X11; Ubuntu; Linux x86_64; rv:144.0) Gecko/20100101 Firefox/144.0","accept":"*/*","accept-encoding":"gzip, deflate, br, zstd","referer":"http://localhost:2368/ghost/","content-type":"application/json","dnt":"1","connection":"keep-alive","cookie":"**REDACTED**","sec-fetch-dest":"empty","sec-fetch-mode":"cors","sec-fetch-site":"same-origin","sec-gpc":"1","if-none-match":"W/\"5ce-Z81Y77QHOdHn8zbbhBbssJ9yWuI\"","priority":"u=4"},"query":{"key":"**REDACTED**"}},"res":{"_headers":{"x-powered-by":"Express","content-version":"v5.130","vary":"Accept-Version","cache-control":"public, max-age=0","access-control-allow-origin":"*","etag":"W/\"5ce-Z81Y77QHOdHn8zbbhBbssJ9yWuI\""},"statusCode":304,"responseTime":"9ms"},"msg":"","time":"2025-11-04T01:41:34.807Z","v":0}
{"name":"Log","hostname":"7e6850fef784","pid":1,"level":30,"version":"5.130.5","req":{"meta":{"requestId":"db22dbd2-9e47-4b4a-87fa-fa8844849f6f","userId":null},"url":"/tiers/?limit=100&include=monthly_price%2Cyearly_price%2Cbenefits&key=75f62e196c42cff3accfa04350","method":"GET","originalUrl":"/ghost/api/content/tiers/?limit=100&include=monthly_price%2Cyearly_price%2Cbenefits&key=75f62e196c42cff3accfa04350","params":{},"headers":{"host":"localhost:2368","user-agent":"Mozilla/5.0 (X11; Ubuntu; Linux x86_64; rv:144.0) Gecko/20100101 Firefox/144.0","accept":"*/*","accept-encoding":"gzip, deflate, br, zstd","referer":"http://localhost:2368/ghost/","content-type":"application/json","dnt":"1","connection":"keep-alive","cookie":"**REDACTED**","sec-fetch-dest":"empty","sec-fetch-mode":"cors","sec-fetch-site":"same-origin","sec-gpc":"1","if-none-match":"W/\"2bd-TrcQ1w5lmj7essGSvTD+rzkRZOY\"","priority":"u=4"},"query":{"limit":"100","include":"monthly_price,yearly_price,benefits","key":"**REDACTED**"}},"res":{"_headers":{"x-powered-by":"Express","content-version":"v5.130","vary":"Accept-Version","cache-control":"public, max-age=0","access-control-allow-origin":"*","etag":"W/\"2bd-TrcQ1w5lmj7essGSvTD+rzkRZOY\""},"statusCode":304,"responseTime":"8ms"},"msg":"","time":"2025-11-04T01:41:34.811Z","v":0}
{"name":"Log","hostname":"7e6850fef784","pid":1,"level":30,"version":"5.130.5","req":{"meta":{"requestId":"7b729890-1ba5-4549-8e51-51c75479e964","userId":null},"url":"/newsletters/?limit=100&key=75f62e196c42cff3accfa04350","method":"GET","originalUrl":"/ghost/api/content/newsletters/?limit=100&key=75f62e196c42cff3accfa04350","params":{},"headers":{"host":"localhost:2368","user-agent":"Mozilla/5.0 (X11; Ubuntu; Linux x86_64; rv:144.0) Gecko/20100101 Firefox/144.0","accept":"*/*","accept-encoding":"gzip, deflate, br, zstd","referer":"http://localhost:2368/ghost/","content-type":"application/json","dnt":"1","connection":"keep-alive","cookie":"**REDACTED**","sec-fetch-dest":"empty","sec-fetch-mode":"cors","sec-fetch-site":"same-origin","sec-gpc":"1","if-none-match":"W/\"1a3-TCJOMJ6h7NNW10xbrIZZfA/9gTE\"","priority":"u=4"},"query":{"limit":"100","key":"**REDACTED**"}},"res":{"_headers":{"x-powered-by":"Express","content-version":"v5.130","vary":"Accept-Version","cache-control":"public, max-age=0","access-control-allow-origin":"*","etag":"W/\"1a3-TCJOMJ6h7NNW10xbrIZZfA/9gTE\""},"statusCode":304,"responseTime":"16ms"},"msg":"","time":"2025-11-04T01:41:34.816Z","v":0}
{"name":"Log","hostname":"7e6850fef784","pid":1,"level":30,"version":"5.130.5","req":{"meta":{"requestId":"5c69d124-5586-4738-9592-2db8d943d9f1","userId":null},"url":"/","method":"GET","originalUrl":"/","params":{},"headers":{"host":"localhost:2368","user-agent":"Mozilla/5.0 (X11; Ubuntu; Linux x86_64; rv:144.0) Gecko/20100101 Firefox/144.0","accept":"text/html,application/xhtml+xml,application/xml;q=0.9,*/*;q=0.8","accept-encoding":"gzip, deflate, br, zstd","dnt":"1","connection":"keep-alive","upgrade-insecure-requests":"1","sec-fetch-dest":"document","sec-fetch-mode":"navigate","sec-fetch-site":"same-origin","sec-fetch-user":"?1","sec-gpc":"1","priority":"u=0, i"},"query":{}},"res":{"_headers":{"x-powered-by":"Express","cache-control":"public, max-age=0","content-type":"text/html; charset=utf-8","etag":"W/\"440f-DMK8R5VqMe3MqRTJ4VgHdCTc+Ug\"","vary":"Accept-Encoding","content-encoding":"br"},"statusCode":200,"responseTime":"79ms"},"msg":"","time":"2025-11-04T01:41:54.212Z","v":0}
{"name":"Log","hostname":"7e6850fef784","pid":1,"level":30,"version":"5.130.5","req":{"meta":{"requestId":"ca0013fc-00ba-463a-b5bd-2babc395f43f","userId":null},"url":"/assets/built/screen.css?v=760833d005","method":"GET","originalUrl":"/assets/built/screen.css?v=760833d005","params":{},"headers":{"host":"localhost:2368","user-agent":"Mozilla/5.0 (X11; Ubuntu; Linux x86_64; rv:144.0) Gecko/20100101 Firefox/144.0","accept":"text/css,*/*;q=0.1","accept-encoding":"gzip, deflate, br, zstd","dnt":"1","connection":"keep-alive","referer":"http://localhost:2368/","sec-fetch-dest":"style","sec-fetch-mode":"no-cors","sec-fetch-site":"same-origin","sec-gpc":"1","if-modified-since":"Sat, 26 Oct 1985 08:15:00 GMT","if-none-match":"W/\"d1bb-7438674ba0\"","priority":"u=0"},"query":{"v":"760833d005"}},"res":{"_headers":{"x-powered-by":"Express","accept-ranges":"bytes","cache-control":"public, max-age=0","last-modified":"Sat, 26 Oct 1985 08:15:00 GMT","etag":"W/\"d1bb-7438674ba0\""},"statusCode":304,"responseTime":"2ms"},"msg":"","time":"2025-11-04T01:41:54.262Z","v":0}
{"name":"Log","hostname":"7e6850fef784","pid":1,"level":30,"version":"5.130.5","req":{"meta":{"requestId":"0f8c1371-1e88-4bcb-a807-af086f19f0fc","userId":null},"url":"/assets/fonts/inter-roman.woff2?v=760833d005","method":"GET","originalUrl":"/assets/fonts/inter-roman.woff2?v=760833d005","params":{},"headers":{"host":"localhost:2368","user-agent":"Mozilla/5.0 (X11; Ubuntu; Linux x86_64; rv:144.0) Gecko/20100101 Firefox/144.0","accept":"application/font-woff2;q=1.0,application/font-woff;q=0.9,*/*;q=0.8","accept-encoding":"gzip, deflate, br, zstd","referer":"http://localhost:2368/","dnt":"1","connection":"keep-alive","sec-fetch-dest":"font","sec-fetch-mode":"cors","sec-fetch-site":"same-origin","sec-gpc":"1","if-modified-since":"Sat, 26 Oct 1985 08:15:00 GMT","if-none-match":"W/\"9394-7438674ba0\"","priority":"u=2"},"query":{"v":"760833d005"}},"res":{"_headers":{"x-powered-by":"Express","accept-ranges":"bytes","cache-control":"public, max-age=0","last-modified":"Sat, 26 Oct 1985 08:15:00 GMT","etag":"W/\"9394-7438674ba0\""},"statusCode":304,"responseTime":"3ms"},"msg":"","time":"2025-11-04T01:41:54.264Z","v":0}
{"name":"Log","hostname":"7e6850fef784","pid":1,"level":30,"version":"5.130.5","req":{"meta":{"requestId":"6031e37a-be94-4489-9263-2aaedae6921b","userId":null},"url":"/assets/built/source.js?v=760833d005","method":"GET","originalUrl":"/assets/built/source.js?v=760833d005","params":{},"headers":{"host":"localhost:2368","user-agent":"Mozilla/5.0 (X11; Ubuntu; Linux x86_64; rv:144.0) Gecko/20100101 Firefox/144.0","accept":"*/*","accept-encoding":"gzip, deflate, br, zstd","dnt":"1","connection":"keep-alive","referer":"http://localhost:2368/","sec-fetch-dest":"script","sec-fetch-mode":"no-cors","sec-fetch-site":"same-origin","sec-gpc":"1","if-modified-since":"Sat, 26 Oct 1985 08:15:00 GMT","if-none-match":"W/\"cde1-7438674ba0\"","priority":"u=1"},"query":{"v":"760833d005"}},"res":{"_headers":{"x-powered-by":"Express","accept-ranges":"bytes","cache-control":"public, max-age=0","last-modified":"Sat, 26 Oct 1985 08:15:00 GMT","etag":"W/\"cde1-7438674ba0\""},"statusCode":304,"responseTime":"4ms"},"msg":"","time":"2025-11-04T01:41:54.267Z","v":0}
{"name":"Log","hostname":"7e6850fef784","pid":1,"level":30,"version":"5.130.5","req":{"meta":{"requestId":"0f903263-c620-464b-b980-8a9b484a465c","userId":null},"url":"/api/member/","method":"GET","originalUrl":"/members/api/member/","params":{},"headers":{"host":"localhost:2368","user-agent":"Mozilla/5.0 (X11; Ubuntu; Linux x86_64; rv:144.0) Gecko/20100101 Firefox/144.0","accept":"*/*","accept-encoding":"gzip, deflate, br, zstd","referer":"http://localhost:2368/","dnt":"1","connection":"keep-alive","sec-fetch-dest":"empty","sec-fetch-mode":"cors","sec-fetch-site":"same-origin","sec-gpc":"1","priority":"u=4"},"query":{}},"res":{"_headers":{"x-powered-by":"Express","cache-control":"no-cache, private, no-store, must-revalidate, max-stale=0, post-check=0, pre-check=0","access-control-allow-origin":"*"},"statusCode":204,"responseTime":"2ms"},"msg":"","time":"2025-11-04T01:41:54.414Z","v":0}
{"name":"Log","hostname":"7e6850fef784","pid":1,"level":30,"version":"5.130.5","req":{"meta":{"requestId":"846bbf29-32e8-4546-8a60-d65d08c40aef","userId":null},"url":"/settings/?key=75f62e196c42cff3accfa04350","method":"GET","originalUrl":"/ghost/api/content/settings/?key=75f62e196c42cff3accfa04350","params":{},"headers":{"host":"localhost:2368","user-agent":"Mozilla/5.0 (X11; Ubuntu; Linux x86_64; rv:144.0) Gecko/20100101 Firefox/144.0","accept":"*/*","accept-encoding":"gzip, deflate, br, zstd","referer":"http://localhost:2368/","content-type":"application/json","dnt":"1","connection":"keep-alive","cookie":"**REDACTED**","sec-fetch-dest":"empty","sec-fetch-mode":"cors","sec-fetch-site":"same-origin","sec-gpc":"1","if-none-match":"W/\"5ce-Z81Y77QHOdHn8zbbhBbssJ9yWuI\"","priority":"u=4"},"query":{"key":"**REDACTED**"}},"res":{"_headers":{"x-powered-by":"Express","content-version":"v5.130","vary":"Accept-Version","cache-control":"public, max-age=0","access-control-allow-origin":"*","etag":"W/\"5ce-Z81Y77QHOdHn8zbbhBbssJ9yWuI\""},"statusCode":304,"responseTime":"18ms"},"msg":"","time":"2025-11-04T01:41:54.491Z","v":0}
{"name":"Log","hostname":"7e6850fef784","pid":1,"level":30,"version":"5.130.5","req":{"meta":{"requestId":"4d7891ed-55a0-4847-b53c-c293b2eaa0fa","userId":null},"url":"/tiers/?limit=100&include=monthly_price%2Cyearly_price%2Cbenefits&key=75f62e196c42cff3accfa04350","method":"GET","originalUrl":"/ghost/api/content/tiers/?limit=100&include=monthly_price%2Cyearly_price%2Cbenefits&key=75f62e196c42cff3accfa04350","params":{},"headers":{"host":"localhost:2368","user-agent":"Mozilla/5.0 (X11; Ubuntu; Linux x86_64; rv:144.0) Gecko/20100101 Firefox/144.0","accept":"*/*","accept-encoding":"gzip, deflate, br, zstd","referer":"http://localhost:2368/","content-type":"application/json","dnt":"1","connection":"keep-alive","cookie":"**REDACTED**","sec-fetch-dest":"empty","sec-fetch-mode":"cors","sec-fetch-site":"same-origin","sec-gpc":"1","if-none-match":"W/\"2bd-TrcQ1w5lmj7essGSvTD+rzkRZOY\"","priority":"u=4"},"query":{"limit":"100","include":"monthly_price,yearly_price,benefits","key":"**REDACTED**"}},"res":{"_headers":{"x-powered-by":"Express","content-version":"v5.130","vary":"Accept-Version","cache-control":"public, max-age=0","access-control-allow-origin":"*","etag":"W/\"2bd-TrcQ1w5lmj7essGSvTD+rzkRZOY\""},"statusCode":304,"responseTime":"18ms"},"msg":"","time":"2025-11-04T01:41:54.494Z","v":0}
{"name":"Log","hostname":"7e6850fef784","pid":1,"level":30,"version":"5.130.5","req":{"meta":{"requestId":"205e4148-cff0-4ad7-9f9f-93a00ddd69d4","userId":null},"url":"/newsletters/?limit=100&key=75f62e196c42cff3accfa04350","method":"GET","originalUrl":"/ghost/api/content/newsletters/?limit=100&key=75f62e196c42cff3accfa04350","params":{},"headers":{"host":"localhost:2368","user-agent":"Mozilla/5.0 (X11; Ubuntu; Linux x86_64; rv:144.0) Gecko/20100101 Firefox/144.0","accept":"*/*","accept-encoding":"gzip, deflate, br, zstd","referer":"http://localhost:2368/","content-type":"application/json","dnt":"1","connection":"keep-alive","cookie":"**REDACTED**","sec-fetch-dest":"empty","sec-fetch-mode":"cors","sec-fetch-site":"same-origin","sec-gpc":"1","if-none-match":"W/\"1a3-TCJOMJ6h7NNW10xbrIZZfA/9gTE\"","priority":"u=4"},"query":{"limit":"100","key":"**REDACTED**"}},"res":{"_headers":{"x-powered-by":"Express","content-version":"v5.130","vary":"Accept-Version","cache-control":"public, max-age=0","access-control-allow-origin":"*","etag":"W/\"1a3-TCJOMJ6h7NNW10xbrIZZfA/9gTE\""},"statusCode":304,"responseTime":"21ms"},"msg":"","time":"2025-11-04T01:41:54.499Z","v":0}
{"name":"Log","hostname":"7e6850fef784","pid":1,"level":30,"version":"5.130.5","req":{"meta":{"requestId":"29354058-bde3-4999-b304-5c1895c4ca2c","userId":null},"url":"/","method":"POST","originalUrl":"/","params":{},"headers":{"host":"localhost:2368","user-agent":"Mozilla/5.0 (X11; Ubuntu; Linux x86_64; rv:144.0) Gecko/20100101 Firefox/144.0","accept":"text/plain","accept-encoding":"gzip, deflate, br, zstd","referer":"http://localhost:2368/ghost/","content-type":"text/html;charset=utf-8","x-ghost-preview":"c=%23FF1A75&d=Thoughts%2C+stories+and+ideas.&icon=&logo=&cover=https%3A%2F%2Fstatic.ghost.org%2Fv5.0.0%2Fimages%2Fpublication-cover.jpg&bf=&hf=Chakra+Petch&custom=%7B%22navigation_layout%22%3A%22Stacked%22%2C%22site_background_color%22%3A%22%23ffffff%22%2C%22header_and_footer_color%22%3A%22Background+color%22%2C%22title_font%22%3A%22Modern+sans-serif%22%2C%22body_font%22%3A%22Modern+sans-serif%22%2C%22signup_heading%22%3Anull%2C%22signup_subheading%22%3Anull%2C%22header_style%22%3A%22Landing%22%2C%22header_text%22%3Anull%2C%22background_image%22%3Atrue%2C%22show_featured_posts%22%3Anull%2C%22post_feed_style%22%3A%22List%22%2C%22show_images_in_feed%22%3Atrue%2C%22show_author%22%3Atrue%2C%22show_publish_date%22%3Atrue%2C%22show_publication_info_sidebar%22%3Afalse%2C%22show_post_metadata%22%3Atrue%2C%22enable_drop_caps_on_posts%22%3Afalse%2C%22show_related_articles%22%3Atrue%7D","origin":"http://localhost:2368","dnt":"1","connection":"keep-alive","sec-fetch-dest":"empty","sec-fetch-mode":"cors","sec-fetch-site":"same-origin","sec-gpc":"1","priority":"u=0","content-length":"0"},"query":{}},"res":{"_headers":{"x-powered-by":"Express","access-control-allow-origin":"http://localhost:2368","vary":"Origin, Accept-Encoding","access-control-allow-credentials":"true","cache-control":"public, max-age=0","content-type":"text/html; charset=utf-8","etag":"W/\"4508-o08sNx9EblNioTRNB1YIarYxh0k\"","content-encoding":"br"},"statusCode":200,"responseTime":"68ms"},"msg":"","time":"2025-11-04T01:42:17.936Z","v":0}
{"name":"Log","hostname":"7e6850fef784","pid":1,"level":30,"version":"5.130.5","req":{"meta":{"requestId":"5b1ca1d4-8848-4ec3-9b9f-f8f4e3273026","userId":null},"url":"/assets/built/source.js?v=760833d005","method":"GET","originalUrl":"/assets/built/source.js?v=760833d005","params":{},"headers":{"host":"localhost:2368","user-agent":"Mozilla/5.0 (X11; Ubuntu; Linux x86_64; rv:144.0) Gecko/20100101 Firefox/144.0","accept":"*/*","accept-encoding":"gzip, deflate, br, zstd","dnt":"1","connection":"keep-alive","referer":"http://localhost:2368/ghost/","sec-fetch-dest":"script","sec-fetch-mode":"no-cors","sec-fetch-site":"same-origin","sec-gpc":"1","if-modified-since":"Sat, 26 Oct 1985 08:15:00 GMT","if-none-match":"W/\"cde1-7438674ba0\"","priority":"u=1"},"query":{"v":"760833d005"}},"res":{"_headers":{"x-powered-by":"Express","accept-ranges":"bytes","cache-control":"public, max-age=0","last-modified":"Sat, 26 Oct 1985 08:15:00 GMT","etag":"W/\"cde1-7438674ba0\""},"statusCode":304,"responseTime":"1ms"},"msg":"","time":"2025-11-04T01:42:17.957Z","v":0}
{"name":"Log","hostname":"7e6850fef784","pid":1,"level":30,"version":"5.130.5","req":{"meta":{"requestId":"12ab2af8-c44f-4a9f-8e91-9b2423d98e04","userId":null},"url":"/api/member/","method":"GET","originalUrl":"/members/api/member/","params":{},"headers":{"host":"localhost:2368","user-agent":"Mozilla/5.0 (X11; Ubuntu; Linux x86_64; rv:144.0) Gecko/20100101 Firefox/144.0","accept":"*/*","accept-encoding":"gzip, deflate, br, zstd","referer":"http://localhost:2368/ghost/","dnt":"1","connection":"keep-alive","sec-fetch-dest":"empty","sec-fetch-mode":"cors","sec-fetch-site":"same-origin","sec-gpc":"1","priority":"u=4"},"query":{}},"res":{"_headers":{"x-powered-by":"Express","cache-control":"no-cache, private, no-store, must-revalidate, max-stale=0, post-check=0, pre-check=0","access-control-allow-origin":"*"},"statusCode":204,"responseTime":"1ms"},"msg":"","time":"2025-11-04T01:42:18.013Z","v":0}
{"name":"Log","hostname":"7e6850fef784","pid":1,"level":30,"version":"5.130.5","req":{"meta":{"requestId":"8ab224bc-0f1d-4eb8-b65d-3525f67ff1b4","userId":null},"url":"/settings/?key=75f62e196c42cff3accfa04350","method":"GET","originalUrl":"/ghost/api/content/settings/?key=75f62e196c42cff3accfa04350","params":{},"headers":{"host":"localhost:2368","user-agent":"Mozilla/5.0 (X11; Ubuntu; Linux x86_64; rv:144.0) Gecko/20100101 Firefox/144.0","accept":"*/*","accept-encoding":"gzip, deflate, br, zstd","referer":"http://localhost:2368/ghost/","content-type":"application/json","dnt":"1","connection":"keep-alive","cookie":"**REDACTED**","sec-fetch-dest":"empty","sec-fetch-mode":"cors","sec-fetch-site":"same-origin","sec-gpc":"1","if-none-match":"W/\"5ce-Z81Y77QHOdHn8zbbhBbssJ9yWuI\"","priority":"u=4"},"query":{"key":"**REDACTED**"}},"res":{"_headers":{"x-powered-by":"Express","content-version":"v5.130","vary":"Accept-Version","cache-control":"public, max-age=0","access-control-allow-origin":"*","etag":"W/\"5ce-Z81Y77QHOdHn8zbbhBbssJ9yWuI\""},"statusCode":304,"responseTime":"16ms"},"msg":"","time":"2025-11-04T01:42:18.047Z","v":0}
{"name":"Log","hostname":"7e6850fef784","pid":1,"level":30,"version":"5.130.5","req":{"meta":{"requestId":"d93bb505-8a12-42e5-b08e-70dbcae893b3","userId":null},"url":"/tiers/?limit=100&include=monthly_price%2Cyearly_price%2Cbenefits&key=75f62e196c42cff3accfa04350","method":"GET","originalUrl":"/ghost/api/content/tiers/?limit=100&include=monthly_price%2Cyearly_price%2Cbenefits&key=75f62e196c42cff3accfa04350","params":{},"headers":{"host":"localhost:2368","user-agent":"Mozilla/5.0 (X11; Ubuntu; Linux x86_64; rv:144.0) Gecko/20100101 Firefox/144.0","accept":"*/*","accept-encoding":"gzip, deflate, br, zstd","referer":"http://localhost:2368/ghost/","content-type":"application/json","dnt":"1","connection":"keep-alive","cookie":"**REDACTED**","sec-fetch-dest":"empty","sec-fetch-mode":"cors","sec-fetch-site":"same-origin","sec-gpc":"1","if-none-match":"W/\"2bd-TrcQ1w5lmj7essGSvTD+rzkRZOY\"","priority":"u=4"},"query":{"limit":"100","include":"monthly_price,yearly_price,benefits","key":"**REDACTED**"}},"res":{"_headers":{"x-powered-by":"Express","content-version":"v5.130","vary":"Accept-Version","cache-control":"public, max-age=0","access-control-allow-origin":"*","etag":"W/\"2bd-TrcQ1w5lmj7essGSvTD+rzkRZOY\""},"statusCode":304,"responseTime":"20ms"},"msg":"","time":"2025-11-04T01:42:18.055Z","v":0}
{"name":"Log","hostname":"7e6850fef784","pid":1,"level":30,"version":"5.130.5","req":{"meta":{"requestId":"ce3ca884-755d-4a50-a686-33ea5cb7e39c","userId":null},"url":"/newsletters/?limit=100&key=75f62e196c42cff3accfa04350","method":"GET","originalUrl":"/ghost/api/content/newsletters/?limit=100&key=75f62e196c42cff3accfa04350","params":{},"headers":{"host":"localhost:2368","user-agent":"Mozilla/5.0 (X11; Ubuntu; Linux x86_64; rv:144.0) Gecko/20100101 Firefox/144.0","accept":"*/*","accept-encoding":"gzip, deflate, br, zstd","referer":"http://localhost:2368/ghost/","content-type":"application/json","dnt":"1","connection":"keep-alive","cookie":"**REDACTED**","sec-fetch-dest":"empty","sec-fetch-mode":"cors","sec-fetch-site":"same-origin","sec-gpc":"1","if-none-match":"W/\"1a3-TCJOMJ6h7NNW10xbrIZZfA/9gTE\"","priority":"u=4"},"query":{"limit":"100","key":"**REDACTED**"}},"res":{"_headers":{"x-powered-by":"Express","content-version":"v5.130","vary":"Accept-Version","cache-control":"public, max-age=0","access-control-allow-origin":"*","etag":"W/\"1a3-TCJOMJ6h7NNW10xbrIZZfA/9gTE\""},"statusCode":304,"responseTime":"26ms"},"msg":"","time":"2025-11-04T01:42:18.064Z","v":0}
{"name":"Log","hostname":"7e6850fef784","pid":1,"level":30,"version":"5.130.5","req":{"meta":{"requestId":"ea742680-84f2-47b1-8803-5fac78f28d00","userId":null},"url":"/","method":"POST","originalUrl":"/","params":{},"headers":{"host":"localhost:2368","user-agent":"Mozilla/5.0 (X11; Ubuntu; Linux x86_64; rv:144.0) Gecko/20100101 Firefox/144.0","accept":"text/plain","accept-encoding":"gzip, deflate, br, zstd","referer":"http://localhost:2368/ghost/","content-type":"text/html;charset=utf-8","x-ghost-preview":"c=%23FF1A75&d=Thoughts%2C+stories+and+ideas.&icon=&logo=&cover=https%3A%2F%2Fstatic.ghost.org%2Fv5.0.0%2Fimages%2Fpublication-cover.jpg&bf=JetBrains+Mono&hf=Chakra+Petch&custom=%7B%22navigation_layout%22%3A%22Stacked%22%2C%22site_background_color%22%3A%22%23ffffff%22%2C%22header_and_footer_color%22%3A%22Background+color%22%2C%22title_font%22%3A%22Modern+sans-serif%22%2C%22body_font%22%3A%22Modern+sans-serif%22%2C%22signup_heading%22%3Anull%2C%22signup_subheading%22%3Anull%2C%22header_style%22%3A%22Landing%22%2C%22header_text%22%3Anull%2C%22background_image%22%3Atrue%2C%22show_featured_posts%22%3Anull%2C%22post_feed_style%22%3A%22List%22%2C%22show_images_in_feed%22%3Atrue%2C%22show_author%22%3Atrue%2C%22show_publish_date%22%3Atrue%2C%22show_publication_info_sidebar%22%3Afalse%2C%22show_post_metadata%22%3Atrue%2C%22enable_drop_caps_on_posts%22%3Afalse%2C%22show_related_articles%22%3Atrue%7D","origin":"http://localhost:2368","dnt":"1","connection":"keep-alive","sec-fetch-dest":"empty","sec-fetch-mode":"cors","sec-fetch-site":"same-origin","sec-gpc":"1","priority":"u=0","content-length":"0"},"query":{}},"res":{"_headers":{"x-powered-by":"Express","access-control-allow-origin":"http://localhost:2368","vary":"Origin, Accept-Encoding","access-control-allow-credentials":"true","cache-control":"public, max-age=0","content-type":"text/html; charset=utf-8","etag":"W/\"455a-dsZcE/rS3/NUQrL1vG3GvzcTGnU\"","content-encoding":"br"},"statusCode":200,"responseTime":"59ms"},"msg":"","time":"2025-11-04T01:42:36.121Z","v":0}
{"name":"Log","hostname":"7e6850fef784","pid":1,"level":30,"version":"5.130.5","req":{"meta":{"requestId":"e4a40e4a-be60-488e-9120-21d9f71a5c72","userId":null},"url":"/assets/built/source.js?v=760833d005","method":"GET","originalUrl":"/assets/built/source.js?v=760833d005","params":{},"headers":{"host":"localhost:2368","user-agent":"Mozilla/5.0 (X11; Ubuntu; Linux x86_64; rv:144.0) Gecko/20100101 Firefox/144.0","accept":"*/*","accept-encoding":"gzip, deflate, br, zstd","dnt":"1","connection":"keep-alive","referer":"http://localhost:2368/ghost/","sec-fetch-dest":"script","sec-fetch-mode":"no-cors","sec-fetch-site":"same-origin","sec-gpc":"1","if-modified-since":"Sat, 26 Oct 1985 08:15:00 GMT","if-none-match":"W/\"cde1-7438674ba0\"","priority":"u=1"},"query":{"v":"760833d005"}},"res":{"_headers":{"x-powered-by":"Express","accept-ranges":"bytes","cache-control":"public, max-age=0","last-modified":"Sat, 26 Oct 1985 08:15:00 GMT","etag":"W/\"cde1-7438674ba0\""},"statusCode":304,"responseTime":"1ms"},"msg":"","time":"2025-11-04T01:42:36.153Z","v":0}
{"name":"Log","hostname":"7e6850fef784","pid":1,"level":30,"version":"5.130.5","req":{"meta":{"requestId":"8922ea5a-e949-492b-acdb-272d26ec2892","userId":null},"url":"/api/member/","method":"GET","originalUrl":"/members/api/member/","params":{},"headers":{"host":"localhost:2368","user-agent":"Mozilla/5.0 (X11; Ubuntu; Linux x86_64; rv:144.0) Gecko/20100101 Firefox/144.0","accept":"*/*","accept-encoding":"gzip, deflate, br, zstd","referer":"http://localhost:2368/ghost/","dnt":"1","connection":"keep-alive","sec-fetch-dest":"empty","sec-fetch-mode":"cors","sec-fetch-site":"same-origin","sec-gpc":"1","priority":"u=4"},"query":{}},"res":{"_headers":{"x-powered-by":"Express","cache-control":"no-cache, private, no-store, must-revalidate, max-stale=0, post-check=0, pre-check=0","access-control-allow-origin":"*"},"statusCode":204,"responseTime":"0ms"},"msg":"","time":"2025-11-04T01:42:36.292Z","v":0}
{"name":"Log","hostname":"7e6850fef784","pid":1,"level":30,"version":"5.130.5","req":{"meta":{"requestId":"4f807e4f-2594-46f4-b2c5-d1110f4ed1d0","userId":null},"url":"/settings/?key=75f62e196c42cff3accfa04350","method":"GET","originalUrl":"/ghost/api/content/settings/?key=75f62e196c42cff3accfa04350","params":{},"headers":{"host":"localhost:2368","user-agent":"Mozilla/5.0 (X11; Ubuntu; Linux x86_64; rv:144.0) Gecko/20100101 Firefox/144.0","accept":"*/*","accept-encoding":"gzip, deflate, br, zstd","referer":"http://localhost:2368/ghost/","content-type":"application/json","dnt":"1","connection":"keep-alive","cookie":"**REDACTED**","sec-fetch-dest":"empty","sec-fetch-mode":"cors","sec-fetch-site":"same-origin","sec-gpc":"1","if-none-match":"W/\"5ce-Z81Y77QHOdHn8zbbhBbssJ9yWuI\"","priority":"u=4"},"query":{"key":"**REDACTED**"}},"res":{"_headers":{"x-powered-by":"Express","content-version":"v5.130","vary":"Accept-Version","cache-control":"public, max-age=0","access-control-allow-origin":"*","etag":"W/\"5ce-Z81Y77QHOdHn8zbbhBbssJ9yWuI\""},"statusCode":304,"responseTime":"7ms"},"msg":"","time":"2025-11-04T01:42:36.310Z","v":0}
{"name":"Log","hostname":"7e6850fef784","pid":1,"level":30,"version":"5.130.5","req":{"meta":{"requestId":"2f8f4ee7-cdf0-4420-bf61-953f40d66b39","userId":null},"url":"/tiers/?limit=100&include=monthly_price%2Cyearly_price%2Cbenefits&key=75f62e196c42cff3accfa04350","method":"GET","originalUrl":"/ghost/api/content/tiers/?limit=100&include=monthly_price%2Cyearly_price%2Cbenefits&key=75f62e196c42cff3accfa04350","params":{},"headers":{"host":"localhost:2368","user-agent":"Mozilla/5.0 (X11; Ubuntu; Linux x86_64; rv:144.0) Gecko/20100101 Firefox/144.0","accept":"*/*","accept-encoding":"gzip, deflate, br, zstd","referer":"http://localhost:2368/ghost/","content-type":"application/json","dnt":"1","connection":"keep-alive","cookie":"**REDACTED**","sec-fetch-dest":"empty","sec-fetch-mode":"cors","sec-fetch-site":"same-origin","sec-gpc":"1","if-none-match":"W/\"2bd-TrcQ1w5lmj7essGSvTD+rzkRZOY\"","priority":"u=4"},"query":{"limit":"100","include":"monthly_price,yearly_price,benefits","key":"**REDACTED**"}},"res":{"_headers":{"x-powered-by":"Express","content-version":"v5.130","vary":"Accept-Version","cache-control":"public, max-age=0","access-control-allow-origin":"*","etag":"W/\"2bd-TrcQ1w5lmj7essGSvTD+rzkRZOY\""},"statusCode":304,"responseTime":"8ms"},"msg":"","time":"2025-11-04T01:42:36.314Z","v":0}
{"name":"Log","hostname":"7e6850fef784","pid":1,"level":30,"version":"5.130.5","req":{"meta":{"requestId":"bc6c59f8-f414-4f60-9450-32e6cdf00a51","userId":null},"url":"/newsletters/?limit=100&key=75f62e196c42cff3accfa04350","method":"GET","originalUrl":"/ghost/api/content/newsletters/?limit=100&key=75f62e196c42cff3accfa04350","params":{},"headers":{"host":"localhost:2368","user-agent":"Mozilla/5.0 (X11; Ubuntu; Linux x86_64; rv:144.0) Gecko/20100101 Firefox/144.0","accept":"*/*","accept-encoding":"gzip, deflate, br, zstd","referer":"http://localhost:2368/ghost/","content-type":"application/json","dnt":"1","connection":"keep-alive","cookie":"**REDACTED**","sec-fetch-dest":"empty","sec-fetch-mode":"cors","sec-fetch-site":"same-origin","sec-gpc":"1","if-none-match":"W/\"1a3-TCJOMJ6h7NNW10xbrIZZfA/9gTE\"","priority":"u=4"},"query":{"limit":"100","key":"**REDACTED**"}},"res":{"_headers":{"x-powered-by":"Express","content-version":"v5.130","vary":"Accept-Version","cache-control":"public, max-age=0","access-control-allow-origin":"*","etag":"W/\"1a3-TCJOMJ6h7NNW10xbrIZZfA/9gTE\""},"statusCode":304,"responseTime":"13ms"},"msg":"","time":"2025-11-04T01:42:36.318Z","v":0}
{"name":"Log","hostname":"7e6850fef784","pid":1,"level":30,"version":"5.130.5","req":{"meta":{"requestId":"364c1e13-ad20-4933-a992-1fe2c0b92461","userId":"1"},"url":"/custom_theme_settings/","method":"PUT","originalUrl":"/ghost/api/admin/custom_theme_settings/","params":{},"headers":{"host":"localhost:2368","user-agent":"Mozilla/5.0 (X11; Ubuntu; Linux x86_64; rv:144.0) Gecko/20100101 Firefox/144.0","accept":"*/*","accept-encoding":"gzip, deflate, br, zstd","referer":"http://localhost:2368/ghost/","app-pragma":"no-cache","x-ghost-version":"5.130","content-type":"application/json","content-length":"3214","origin":"http://localhost:2368","dnt":"1","connection":"keep-alive","cookie":"**REDACTED**","sec-fetch-dest":"empty","sec-fetch-mode":"cors","sec-fetch-site":"same-origin","sec-gpc":"1","priority":"u=0"},"query":{}},"res":{"_headers":{"x-powered-by":"Express","content-version":"v5.130","vary":"Accept-Version, Origin, Accept-Encoding","cache-control":"no-cache, private, no-store, must-revalidate, max-stale=0, post-check=0, pre-check=0","access-control-allow-origin":"http://localhost:2368","x-cache-invalidate":"/*","content-type":"application/json; charset=utf-8","etag":"W/\"c74-whzIKHUPjL5t5ZmsIZK5ODBf4PM\"","content-encoding":"br"},"statusCode":200,"responseTime":"66ms"},"msg":"","time":"2025-11-04T01:42:52.063Z","v":0}
{"name":"Log","hostname":"7e6850fef784","pid":1,"level":30,"version":"5.130.5","req":{"meta":{"requestId":"6cf8d59e-65b1-4eba-b893-c4c9975e3900","userId":"1"},"url":"/settings/","method":"PUT","originalUrl":"/ghost/api/admin/settings/","params":{},"headers":{"host":"localhost:2368","user-agent":"Mozilla/5.0 (X11; Ubuntu; Linux x86_64; rv:144.0) Gecko/20100101 Firefox/144.0","accept":"*/*","accept-encoding":"gzip, deflate, br, zstd","referer":"http://localhost:2368/ghost/","app-pragma":"no-cache","x-ghost-version":"5.130","content-type":"application/json","content-length":"105","origin":"http://localhost:2368","dnt":"1","connection":"keep-alive","cookie":"**REDACTED**","sec-fetch-dest":"empty","sec-fetch-mode":"cors","sec-fetch-site":"same-origin","sec-gpc":"1","priority":"u=4"},"query":{}},"res":{"_headers":{"x-powered-by":"Express","content-version":"v5.130","vary":"Accept-Version, Origin, Accept-Encoding","cache-control":"no-cache, private, no-store, must-revalidate, max-stale=0, post-check=0, pre-check=0","access-control-allow-origin":"http://localhost:2368","x-cache-invalidate":"/*","content-type":"application/json; charset=utf-8","etag":"W/\"11e4-xx95jw40udgn5hHtpIdgENjhSsM\"","content-encoding":"br"},"statusCode":200,"responseTime":"55ms"},"msg":"","time":"2025-11-04T01:42:52.133Z","v":0}
{"name":"Log","hostname":"7e6850fef784","pid":1,"level":30,"version":"5.130.5","req":{"meta":{"requestId":"b15734db-776d-425a-8cb1-2c7c5942ce2f","userId":"1"},"url":"/settings/?group=site%2Ctheme%2Cprivate%2Cmembers%2Cportal%2Cnewsletter%2Cemail%2Camp%2Clabs%2Cslack%2Cunsplash%2Cviews%2Cfirstpromoter%2Ceditor%2Ccomments%2Canalytics%2Cannouncement%2Cpintura%2Cdonations%2Crecommendations%2Csecurity%2Csocial_web%2Cexplore","method":"GET","originalUrl":"/ghost/api/admin/settings/?group=site%2Ctheme%2Cprivate%2Cmembers%2Cportal%2Cnewsletter%2Cemail%2Camp%2Clabs%2Cslack%2Cunsplash%2Cviews%2Cfirstpromoter%2Ceditor%2Ccomments%2Canalytics%2Cannouncement%2Cpintura%2Cdonations%2Crecommendations%2Csecurity%2Csocial_web%2Cexplore","params":{},"headers":{"host":"localhost:2368","user-agent":"Mozilla/5.0 (X11; Ubuntu; Linux x86_64; rv:144.0) Gecko/20100101 Firefox/144.0","accept":"application/json, text/javascript, */*; q=0.01","accept-encoding":"gzip, deflate, br, zstd","content-type":"application/json; charset=UTF-8","x-ghost-version":"5.130","app-pragma":"no-cache","x-requested-with":"XMLHttpRequest","dnt":"1","connection":"keep-alive","referer":"http://localhost:2368/ghost/","cookie":"**REDACTED**","sec-fetch-dest":"empty","sec-fetch-mode":"cors","sec-fetch-site":"same-origin","sec-gpc":"1"},"query":{"group":"site,theme,private,members,portal,newsletter,email,amp,labs,slack,unsplash,views,firstpromoter,editor,comments,analytics,announcement,pintura,donations,recommendations,security,social_web,explore"}},"res":{"_headers":{"x-powered-by":"Express","content-version":"v5.130","vary":"Accept-Version, Accept-Encoding","cache-control":"no-cache, private, no-store, must-revalidate, max-stale=0, post-check=0, pre-check=0","content-type":"application/json; charset=utf-8","etag":"W/\"12bd-cNI57A0Ab05RSH2MZdsdRwhhpyQ\"","content-encoding":"br"},"statusCode":200,"responseTime":"30ms"},"msg":"","time":"2025-11-04T01:42:52.185Z","v":0}
{"name":"Log","hostname":"7e6850fef784","pid":1,"level":30,"version":"5.130.5","req":{"meta":{"requestId":"c5e0e056-dfed-4218-8225-51a24b673730","userId":"1"},"url":"/members/?order=id&limit=1&page=1&include=newsletters%2Clabels","method":"GET","originalUrl":"/ghost/api/admin/members/?order=id&limit=1&page=1&include=newsletters%2Clabels","params":{},"headers":{"host":"localhost:2368","user-agent":"Mozilla/5.0 (X11; Ubuntu; Linux x86_64; rv:144.0) Gecko/20100101 Firefox/144.0","accept":"application/json, text/javascript, */*; q=0.01","accept-encoding":"gzip, deflate, br, zstd","content-type":"application/json; charset=UTF-8","x-ghost-version":"5.130","app-pragma":"no-cache","x-requested-with":"XMLHttpRequest","dnt":"1","connection":"keep-alive","referer":"http://localhost:2368/ghost/","cookie":"**REDACTED**","sec-fetch-dest":"empty","sec-fetch-mode":"cors","sec-fetch-site":"same-origin","sec-gpc":"1"},"query":{"order":"id","limit":"1","page":"1","include":"newsletters,labels"}},"res":{"_headers":{"x-powered-by":"Express","content-version":"v5.130","vary":"Accept-Version, Accept-Encoding","cache-control":"no-cache, private, no-store, must-revalidate, max-stale=0, post-check=0, pre-check=0","content-type":"application/json; charset=utf-8","content-length":"101","etag":"W/\"65-f6nBT1UI6bh1EnkUkUhaEXI/ziw\""},"statusCode":200,"responseTime":"21ms"},"msg":"","time":"2025-11-04T01:42:56.483Z","v":0}
{"name":"Log","hostname":"7e6850fef784","pid":1,"level":30,"version":"5.130.5","req":{"meta":{"requestId":"0cc6ea10-d93c-476e-ac7c-ceccafdcb811","userId":null},"url":"/videos/logo-loader-d91f93ba1dbf0f52a22815b5a571bd31.mp4","method":"GET","originalUrl":"/ghost/assets/videos/logo-loader-d91f93ba1dbf0f52a22815b5a571bd31.mp4","params":{},"headers":{"host":"localhost:2368","user-agent":"Mozilla/5.0 (X11; Ubuntu; Linux x86_64; rv:144.0) Gecko/20100101 Firefox/144.0","accept":"video/webm,video/ogg,video/*;q=0.9,application/ogg;q=0.7,audio/*;q=0.6,*/*;q=0.5","range":"bytes=0-","dnt":"1","connection":"keep-alive","referer":"http://localhost:2368/ghost/","cookie":"**REDACTED**","sec-fetch-dest":"video","sec-fetch-mode":"no-cors","sec-fetch-site":"same-origin","sec-gpc":"1","accept-encoding":"identity","if-modified-since":"Sat, 26 Oct 1985 08:15:00 GMT","if-none-match":"W/\"1ff8a-7438674ba0\"","priority":"u=4"},"query":{}},"res":{"_headers":{"x-powered-by":"Express","accept-ranges":"bytes","cache-control":"public, max-age=0, immutable","last-modified":"Sat, 26 Oct 1985 08:15:00 GMT","etag":"W/\"1ff8a-7438674ba0\""},"statusCode":304,"responseTime":"1ms"},"msg":"","time":"2025-11-04T01:42:56.511Z","v":0}
{"name":"Log","hostname":"7e6850fef784","pid":1,"level":30,"version":"5.130.5","req":{"meta":{"requestId":"3e311773-9b9b-45d1-93a9-82e14749dbf2","userId":null},"url":"/","method":"GET","originalUrl":"/","params":{},"headers":{"host":"localhost:2368","user-agent":"Mozilla/5.0 (X11; Ubuntu; Linux x86_64; rv:144.0) Gecko/20100101 Firefox/144.0","accept":"text/html,application/xhtml+xml,application/xml;q=0.9,*/*;q=0.8","accept-encoding":"gzip, deflate, br, zstd","dnt":"1","connection":"keep-alive","upgrade-insecure-requests":"1","sec-fetch-dest":"document","sec-fetch-mode":"navigate","sec-fetch-site":"none","sec-fetch-user":"?1","sec-gpc":"1","priority":"u=0, i"},"query":{}},"res":{"_headers":{"x-powered-by":"Express","cache-control":"public, max-age=0","content-type":"text/html; charset=utf-8","etag":"W/\"453e-YK1CuFa7Pmc9n8Dt9GnazuocCwc\"","vary":"Accept-Encoding","content-encoding":"br"},"statusCode":200,"responseTime":"59ms"},"msg":"","time":"2025-11-04T01:43:14.589Z","v":0}
{"name":"Log","hostname":"7e6850fef784","pid":1,"level":30,"version":"5.130.5","req":{"meta":{"requestId":"4ce4f1f5-40ac-437a-adf6-fe86a7d0ea71","userId":null},"url":"/assets/built/source.js?v=760833d005","method":"GET","originalUrl":"/assets/built/source.js?v=760833d005","params":{},"headers":{"host":"localhost:2368","user-agent":"Mozilla/5.0 (X11; Ubuntu; Linux x86_64; rv:144.0) Gecko/20100101 Firefox/144.0","accept":"*/*","accept-encoding":"gzip, deflate, br, zstd","dnt":"1","connection":"keep-alive","referer":"http://localhost:2368/","sec-fetch-dest":"script","sec-fetch-mode":"no-cors","sec-fetch-site":"same-origin","sec-gpc":"1","if-modified-since":"Sat, 26 Oct 1985 08:15:00 GMT","if-none-match":"W/\"cde1-7438674ba0\"","priority":"u=1"},"query":{"v":"760833d005"}},"res":{"_headers":{"x-powered-by":"Express","accept-ranges":"bytes","cache-control":"public, max-age=0","last-modified":"Sat, 26 Oct 1985 08:15:00 GMT","etag":"W/\"cde1-7438674ba0\""},"statusCode":304,"responseTime":"1ms"},"msg":"","time":"2025-11-04T01:43:14.685Z","v":0}
{"name":"Log","hostname":"7e6850fef784","pid":1,"level":30,"version":"5.130.5","req":{"meta":{"requestId":"7d13b9c2-c89c-4da9-bd51-4f06f98676c7","userId":null},"url":"/assets/built/screen.css?v=760833d005","method":"GET","originalUrl":"/assets/built/screen.css?v=760833d005","params":{},"headers":{"host":"localhost:2368","user-agent":"Mozilla/5.0 (X11; Ubuntu; Linux x86_64; rv:144.0) Gecko/20100101 Firefox/144.0","accept":"text/css,*/*;q=0.1","accept-encoding":"gzip, deflate, br, zstd","dnt":"1","connection":"keep-alive","referer":"http://localhost:2368/","sec-fetch-dest":"style","sec-fetch-mode":"no-cors","sec-fetch-site":"same-origin","sec-gpc":"1","if-modified-since":"Sat, 26 Oct 1985 08:15:00 GMT","if-none-match":"W/\"d1bb-7438674ba0\"","priority":"u=0"},"query":{"v":"760833d005"}},"res":{"_headers":{"x-powered-by":"Express","accept-ranges":"bytes","cache-control":"public, max-age=0","last-modified":"Sat, 26 Oct 1985 08:15:00 GMT","etag":"W/\"d1bb-7438674ba0\""},"statusCode":304,"responseTime":"1ms"},"msg":"","time":"2025-11-04T01:43:14.694Z","v":0}
{"name":"Log","hostname":"7e6850fef784","pid":1,"level":30,"version":"5.130.5","req":{"meta":{"requestId":"f0564903-8bd0-4fc3-b759-72a6115ca1f2","userId":null},"url":"/assets/fonts/inter-roman.woff2?v=760833d005","method":"GET","originalUrl":"/assets/fonts/inter-roman.woff2?v=760833d005","params":{},"headers":{"host":"localhost:2368","user-agent":"Mozilla/5.0 (X11; Ubuntu; Linux x86_64; rv:144.0) Gecko/20100101 Firefox/144.0","accept":"application/font-woff2;q=1.0,application/font-woff;q=0.9,*/*;q=0.8","accept-encoding":"gzip, deflate, br, zstd","referer":"http://localhost:2368/","dnt":"1","connection":"keep-alive","sec-fetch-dest":"font","sec-fetch-mode":"cors","sec-fetch-site":"same-origin","sec-gpc":"1","if-modified-since":"Sat, 26 Oct 1985 08:15:00 GMT","if-none-match":"W/\"9394-7438674ba0\"","priority":"u=2"},"query":{"v":"760833d005"}},"res":{"_headers":{"x-powered-by":"Express","accept-ranges":"bytes","cache-control":"public, max-age=0","last-modified":"Sat, 26 Oct 1985 08:15:00 GMT","etag":"W/\"9394-7438674ba0\""},"statusCode":304,"responseTime":"1ms"},"msg":"","time":"2025-11-04T01:43:14.696Z","v":0}
{"name":"Log","hostname":"7e6850fef784","pid":1,"level":30,"version":"5.130.5","req":{"meta":{"requestId":"3fadc41a-1a22-4283-af23-555e38b9487f","userId":null},"url":"/public/cards.min.css?v=760833d005","method":"GET","originalUrl":"/public/cards.min.css?v=760833d005","params":{},"headers":{"host":"localhost:2368","user-agent":"Mozilla/5.0 (X11; Ubuntu; Linux x86_64; rv:144.0) Gecko/20100101 Firefox/144.0","accept":"text/css,*/*;q=0.1","accept-encoding":"gzip, deflate, br, zstd","referer":"http://localhost:2368/","dnt":"1","connection":"keep-alive","sec-fetch-dest":"style","sec-fetch-mode":"no-cors","sec-fetch-site":"same-origin","sec-gpc":"1","priority":"u=2"},"query":{"v":"760833d005"}},"res":{"_headers":{"x-powered-by":"Express","content-type":"text/css","etag":"\"6fe5b518756bc881d62cdd6d11432637\"","cache-control":"public, max-age=31536000","vary":"Accept-Encoding","content-encoding":"br"},"statusCode":200,"responseTime":"2ms"},"msg":"","time":"2025-11-04T01:43:14.701Z","v":0}
{"name":"Log","hostname":"7e6850fef784","pid":1,"level":30,"version":"5.130.5","req":{"meta":{"requestId":"dd807845-f739-471a-b413-42c57dd40234","userId":null},"url":"/api/member/","method":"GET","originalUrl":"/members/api/member/","params":{},"headers":{"host":"localhost:2368","user-agent":"Mozilla/5.0 (X11; Ubuntu; Linux x86_64; rv:144.0) Gecko/20100101 Firefox/144.0","accept":"*/*","accept-encoding":"gzip, deflate, br, zstd","referer":"http://localhost:2368/","dnt":"1","connection":"keep-alive","sec-fetch-dest":"empty","sec-fetch-mode":"cors","sec-fetch-site":"same-origin","sec-gpc":"1","priority":"u=4"},"query":{}},"res":{"_headers":{"x-powered-by":"Express","cache-control":"no-cache, private, no-store, must-revalidate, max-stale=0, post-check=0, pre-check=0","access-control-allow-origin":"*"},"statusCode":204,"responseTime":"1ms"},"msg":"","time":"2025-11-04T01:43:14.807Z","v":0}
{"name":"Log","hostname":"7e6850fef784","pid":1,"level":30,"version":"5.130.5","req":{"meta":{"requestId":"156be057-3914-48d9-ac85-58389bc4e512","userId":null},"url":"/settings/?key=75f62e196c42cff3accfa04350","method":"GET","originalUrl":"/ghost/api/content/settings/?key=75f62e196c42cff3accfa04350","params":{},"headers":{"host":"localhost:2368","user-agent":"Mozilla/5.0 (X11; Ubuntu; Linux x86_64; rv:144.0) Gecko/20100101 Firefox/144.0","accept":"*/*","accept-encoding":"gzip, deflate, br, zstd","referer":"http://localhost:2368/","content-type":"application/json","dnt":"1","connection":"keep-alive","cookie":"**REDACTED**","sec-fetch-dest":"empty","sec-fetch-mode":"cors","sec-fetch-site":"same-origin","sec-gpc":"1","if-none-match":"W/\"5ce-Z81Y77QHOdHn8zbbhBbssJ9yWuI\"","priority":"u=4"},"query":{"key":"**REDACTED**"}},"res":{"_headers":{"x-powered-by":"Express","content-version":"v5.130","vary":"Accept-Version","cache-control":"public, max-age=0","access-control-allow-origin":"*","etag":"W/\"5ce-Z81Y77QHOdHn8zbbhBbssJ9yWuI\""},"statusCode":304,"responseTime":"19ms"},"msg":"","time":"2025-11-04T01:43:14.859Z","v":0}
{"name":"Log","hostname":"7e6850fef784","pid":1,"level":30,"version":"5.130.5","req":{"meta":{"requestId":"468908f9-4065-40f0-b574-9d741ae2250f","userId":null},"url":"/tiers/?limit=100&include=monthly_price%2Cyearly_price%2Cbenefits&key=75f62e196c42cff3accfa04350","method":"GET","originalUrl":"/ghost/api/content/tiers/?limit=100&include=monthly_price%2Cyearly_price%2Cbenefits&key=75f62e196c42cff3accfa04350","params":{},"headers":{"host":"localhost:2368","user-agent":"Mozilla/5.0 (X11; Ubuntu; Linux x86_64; rv:144.0) Gecko/20100101 Firefox/144.0","accept":"*/*","accept-encoding":"gzip, deflate, br, zstd","referer":"http://localhost:2368/","content-type":"application/json","dnt":"1","connection":"keep-alive","cookie":"**REDACTED**","sec-fetch-dest":"empty","sec-fetch-mode":"cors","sec-fetch-site":"same-origin","sec-gpc":"1","if-none-match":"W/\"2bd-TrcQ1w5lmj7essGSvTD+rzkRZOY\"","priority":"u=4"},"query":{"limit":"100","include":"monthly_price,yearly_price,benefits","key":"**REDACTED**"}},"res":{"_headers":{"x-powered-by":"Express","content-version":"v5.130","vary":"Accept-Version","cache-control":"public, max-age=0","access-control-allow-origin":"*","etag":"W/\"2bd-TrcQ1w5lmj7essGSvTD+rzkRZOY\""},"statusCode":304,"responseTime":"29ms"},"msg":"","time":"2025-11-04T01:43:14.873Z","v":0}
{"name":"Log","hostname":"7e6850fef784","pid":1,"level":30,"version":"5.130.5","req":{"meta":{"requestId":"e9be4833-e121-4806-8b49-568ba3ab8a9f","userId":null},"url":"/newsletters/?limit=100&key=75f62e196c42cff3accfa04350","method":"GET","originalUrl":"/ghost/api/content/newsletters/?limit=100&key=75f62e196c42cff3accfa04350","params":{},"headers":{"host":"localhost:2368","user-agent":"Mozilla/5.0 (X11; Ubuntu; Linux x86_64; rv:144.0) Gecko/20100101 Firefox/144.0","accept":"*/*","accept-encoding":"gzip, deflate, br, zstd","referer":"http://localhost:2368/","content-type":"application/json","dnt":"1","connection":"keep-alive","cookie":"**REDACTED**","sec-fetch-dest":"empty","sec-fetch-mode":"cors","sec-fetch-site":"same-origin","sec-gpc":"1","if-none-match":"W/\"1a3-TCJOMJ6h7NNW10xbrIZZfA/9gTE\"","priority":"u=4"},"query":{"limit":"100","key":"**REDACTED**"}},"res":{"_headers":{"x-powered-by":"Express","content-version":"v5.130","vary":"Accept-Version","cache-control":"public, max-age=0","access-control-allow-origin":"*","etag":"W/\"1a3-TCJOMJ6h7NNW10xbrIZZfA/9gTE\""},"statusCode":304,"responseTime":"37ms"},"msg":"","time":"2025-11-04T01:43:14.884Z","v":0}
{"name":"Log","hostname":"7e6850fef784","pid":1,"level":40,"version":"5.130.5","msg":"Ghost is shutting down","time":"2025-11-04T01:43:43.033Z","v":0}
{"name":"Log","hostname":"7e6850fef784","pid":1,"level":40,"version":"5.130.5","msg":"Ghost has shut down","time":"2025-11-04T01:43:43.035Z","v":0}
{"name":"Log","hostname":"7e6850fef784","pid":1,"level":40,"version":"5.130.5","msg":"Ghost was running for 6 minutes","time":"2025-11-04T01:43:43.035Z","v":0}
